timestamp,underlying.ethereum:ETH
2023-07-02T00:45:14.537Z,3370162.8083505523
2023-07-02T01:39:30.538Z,3369069.7541323313
2023-07-02T03:01:17.062Z,3371335.822522999
2023-07-02T04:17:03.701Z,3370796.0254867207
2023-07-02T05:13:27.129Z,3370551.4266000753
2023-07-02T06:17:55.050Z,3370268.1474006204
2023-07-02T07:12:24.910Z,3351503.2211697265
2023-07-02T08:17:56.581Z,3349721.519798562
2023-07-02T09:12:55.258Z,3349371.287629778
2023-07-02T10:14:14.345Z,3348924.214601703
2023-07-02T11:11:40.769Z,3348228.9028624953
2023-07-02T12:27:44.249Z,3349992.6024069847
2023-07-02T13:17:54.551Z,3349662.0175790465
2023-07-02T14:12:18.966Z,3350037.980550526
2023-07-02T15:13:33.328Z,3350343.209285959
2023-07-02T16:17:55.732Z,3381740.412031067
2023-07-02T16:37:31.301Z,3380758.1058896366
2023-07-02T17:12:01.521Z,3381409.833129767
2023-07-02T18:17:05.695Z,3392198.7645828896
2023-07-02T19:11:25.289Z,3393328.7274790634
2023-07-02T20:14:24.001Z,3392330.367693167
2023-07-02T21:12:06.605Z,3393438.8618433457
2023-07-02T22:13:02.736Z,3392615.6317827296
2023-07-02T22:34:44.296Z,3385993.001403501
2023-07-02T22:54:26.651Z,3384987.341770164
2023-07-02T23:13:56.395Z,3386704.798995856
2023-07-03T00:08:05.755Z,3385637.6663341247
2023-07-03T01:26:37.043Z,3380901.563615769
2023-07-03T02:56:04.317Z,3389041.6071749553
2023-07-03T03:25:15.283Z,3388219.551474917
2023-07-03T04:18:21.804Z,3390235.873305636
2023-07-03T05:14:42.037Z,3392329.4785837517
2023-07-03T06:19:48.790Z,3391857.4118400784
2023-07-03T07:13:50.140Z,3391263.436155355
2023-07-03T08:18:59.269Z,3386385.8554096394
2023-07-03T09:15:11.231Z,3386652.10854417
2023-07-03T10:16:01.132Z,3386963.7778336206
2023-07-03T11:12:11.987Z,3385519.821679969
2023-07-03T12:32:48.773Z,3380295.880476746
2023-07-03T13:24:34.759Z,3381714.13439374
2023-07-03T14:13:38.056Z,3381529.19367643
2023-07-03T15:15:25.825Z,3381408.5604517534
2023-07-03T16:18:46.450Z,3382633.787378432
2023-07-03T17:12:56.582Z,3384130.667468028
2023-07-03T18:17:58.621Z,3384108.726000947
2023-07-03T19:12:11.142Z,3383383.8998252996
2023-07-03T20:16:09.090Z,3383574.176854262
2023-07-03T21:13:06.971Z,3386216.2291702973
2023-07-03T22:14:28.486Z,3384018.414411756
2023-07-03T23:15:28.478Z,3384033.2850668784
2023-07-04T01:25:22.172Z,3384978.8514933693
2023-07-04T02:58:14.129Z,3382855.219085162
2023-07-04T03:30:14.525Z,3381870.196742806
2023-07-04T04:18:24.952Z,3381457.67804508
2023-07-04T05:14:42.659Z,3380928.532645912
2023-07-04T06:20:18.166Z,3383744.836725851
2023-07-04T07:14:08.677Z,3383900.7678830763
2023-07-04T08:19:24.779Z,3383351.9022483453
2023-07-04T09:15:16.814Z,3387945.7672197563
2023-07-04T10:17:09.720Z,3389339.473739873
2023-07-04T11:12:53.111Z,3388320.8407337856
2023-07-04T12:31:08.807Z,3392675.282609136
2023-07-04T13:24:31.361Z,3393871.4104174674
2023-07-04T14:13:49.628Z,3394163.310119482
2023-07-04T15:15:39.335Z,3393393.6189172063
2023-07-04T16:20:04.833Z,3392763.2946112724
2023-07-04T17:13:42.942Z,3392472.6526553775
2023-07-04T18:19:16.001Z,3392203.9366339934
2023-07-04T19:12:05.974Z,3396862.1296288744
2023-07-04T20:16:12.666Z,3398603.397011281
2023-07-04T21:13:22.755Z,3400144.7497608773
2023-07-04T22:11:27.754Z,3399054.5862138052
2023-07-04T23:15:09.074Z,3399071.9574418394
2023-07-05T01:25:43.706Z,3399104.973328597
2023-07-05T02:57:22.838Z,3396896.2207756313
2023-07-05T03:29:34.946Z,3397506.1995599275
2023-07-05T04:19:18.213Z,3397349.149422979
2023-07-05T05:15:27.696Z,3397003.948497602
2023-07-05T06:20:51.768Z,3399130.475035603
2023-07-05T07:15:18.359Z,3399558.707181869
2023-07-05T08:20:11.694Z,3399242.0899585397
2023-07-05T09:15:49.363Z,3401598.596194621
2023-07-05T10:16:59.548Z,3403733.690920363
2023-07-05T11:12:55.420Z,3407066.796740475
2023-07-05T12:33:35.827Z,3395852.0856717215
2023-07-05T13:26:45.209Z,3397094.543123405
2023-07-05T14:14:56.984Z,3397221.4942527986
2023-07-05T15:16:18.941Z,3395329.0958716827
2023-07-05T16:21:05.076Z,3397613.671881781
2023-07-05T17:13:52.108Z,3397931.0105363983
2023-07-05T18:19:17.624Z,3398860.1556377495
2023-07-05T19:12:28.364Z,3398838.054029241
2023-07-05T20:16:43.018Z,3399314.330345783
2023-07-05T21:13:55.670Z,3398642.570897012
2023-07-05T21:46:45.549Z,3397058.514457691
2023-07-05T22:15:10.561Z,3398509.263928638
2023-07-05T23:15:13.614Z,3392274.515189899
2023-07-06T01:26:48.611Z,3392577.7425556886
2023-07-06T02:59:27.430Z,3391707.898816566
2023-07-06T03:32:23.539Z,3390217.023199945
2023-07-06T04:19:21.484Z,3389988.023866965
2023-07-06T05:15:12.339Z,3389547.7545397836
2023-07-06T06:20:37.594Z,3386717.6524766767
2023-07-06T07:14:58.156Z,3387137.575963903
2023-07-06T08:20:26.419Z,3387398.1978591643
2023-07-06T09:15:47.461Z,3382395.6151791424
2023-07-06T10:17:01.592Z,3383870.856142901
2023-07-06T11:13:06.890Z,3385496.5272498974
2023-07-06T12:32:43.970Z,3389607.5541329263
2023-07-06T13:32:06.548Z,3398766.7053564475
2023-07-06T14:14:56.355Z,3399918.4529553778
2023-07-06T15:16:25.122Z,3401057.023021932
2023-07-06T16:20:51.952Z,3400163.9936361774
2023-07-06T17:14:06.179Z,3399647.111322713
2023-07-06T18:18:17.111Z,3398591.6349310265
2023-07-06T19:11:57.020Z,3399278.1596225733
2023-07-06T20:15:47.589Z,3399932.958326927
2023-07-06T21:13:17.050Z,3399532.0343021154
2023-07-06T22:14:01.506Z,3402074.9450717787
2023-07-06T23:15:17.191Z,3404815.4284291705
2023-07-07T01:27:14.710Z,3424215.4925122894
2023-07-07T02:56:11.940Z,3424526.0962570915
2023-07-07T03:26:49.688Z,3422793.9128932785
2023-07-07T04:18:08.138Z,3423669.3642629795
2023-07-07T05:14:29.565Z,3422887.9770282507
2023-07-07T06:20:25.141Z,3422478.098314517
2023-07-07T07:14:01.601Z,3422786.6007697363
2023-07-07T08:19:23.053Z,3424078.926593836
2023-07-07T09:14:53.645Z,3422118.249016553
2023-07-07T10:16:08.835Z,3423638.882622406
2023-07-07T11:12:28.339Z,3424925.0768606267
2023-07-07T12:31:29.084Z,3425311.2679607025
2023-07-07T13:22:20.242Z,3425071.093079756
2023-07-07T14:13:46.432Z,3423776.0082979035
2023-07-07T15:15:42.002Z,3425188.1308610877
2023-07-07T16:19:34.172Z,3424849.2118397565
2023-07-07T17:13:19.053Z,3425057.8996586064
2023-07-07T18:18:30.683Z,3425042.469421108
2023-07-07T19:10:31.717Z,3425626.885849517
2023-07-07T20:15:27.166Z,3425189.004040495
2023-07-07T21:12:37.807Z,3426316.387179567
2023-07-07T22:13:48.608Z,3425181.3661399735
2023-07-07T23:14:27.894Z,3425486.659401977
2023-07-08T01:26:00.073Z,3424319.1844090107
2023-07-08T02:57:09.956Z,3423800.5537633477
2023-07-08T03:29:18.177Z,3424326.181140359
2023-07-08T04:17:17.256Z,3424672.334911268
2023-07-08T05:13:28.597Z,3425359.8371302416
2023-07-08T06:18:02.766Z,3421018.1634877184
2023-07-08T07:12:55.348Z,3422464.6924862536
2023-07-08T08:17:28.927Z,3422492.64652711
2023-07-08T09:13:21.450Z,3421872.421737947
2023-07-08T10:14:26.063Z,3422168.2663368005
2023-07-08T11:11:41.293Z,3420824.95261168
2023-07-08T12:27:46.996Z,3418335.0525718876
2023-07-08T13:18:28.519Z,3419481.2519690236
2023-07-08T14:12:26.586Z,3425844.9099244936
2023-07-08T15:13:30.110Z,3425894.949325626
2023-07-08T16:17:53.314Z,3427241.4275817177
2023-07-08T17:12:09.329Z,3427453.1898984364
2023-07-08T18:17:20.923Z,3427112.245278393
2023-07-08T19:11:11.452Z,3428499.2032962735
2023-07-08T20:14:33.300Z,3432007.9895397173
2023-07-08T21:12:16.821Z,3427320.880278604
2023-07-08T22:13:17.515Z,3433649.3629613905
2023-07-08T23:14:00.496Z,3433021.4161705724
2023-07-09T01:39:33.806Z,3426188.892756508
2023-07-09T03:04:56.964Z,3426628.7164806775
2023-07-09T04:17:42.964Z,3427016.2193153906
2023-07-09T05:13:39.168Z,3427633.459294023
2023-07-09T06:18:25.775Z,3427717.658857442
2023-07-09T07:12:45.628Z,3427621.9315379853
2023-07-09T08:17:07.807Z,3427419.334279405
2023-07-09T09:13:20.232Z,3428399.8089533234
2023-07-09T10:14:35.774Z,3428069.2433789875
2023-07-09T11:11:45.460Z,3428171.0291657806
2023-07-09T12:27:53.536Z,3428103.886432291
2023-07-09T13:18:49.184Z,3426571.5967974407
2023-07-09T14:12:32.849Z,3425345.8289016346
2023-07-09T15:13:58.049Z,3425424.73004994
2023-07-09T16:17:46.535Z,3425596.9577785186
2023-07-09T17:12:32.078Z,3423984.970723808
2023-07-09T18:17:03.656Z,3423669.339274338
2023-07-09T19:11:26.407Z,3423488.051961021
2023-07-09T20:14:46.206Z,3418007.3043944337
2023-07-09T21:12:44.422Z,3418672.853924366
2023-07-09T22:13:35.913Z,3420003.7772504734
2023-07-09T23:14:09.166Z,3421747.2828901983
2023-07-10T01:24:48.013Z,3424453.2926750276
2023-07-10T02:59:53.683Z,3424633.722860129
2023-07-10T03:31:40.367Z,3424332.832441027
2023-07-10T04:18:14.834Z,3424488.52956306
2023-07-10T05:14:32.654Z,3424704.3452814147
2023-07-10T06:20:13.109Z,3425397.6899213805
2023-07-10T07:14:37.502Z,3426052.956676762
2023-07-10T08:20:18.556Z,3425417.8782849484
2023-07-10T09:15:58.436Z,3426480.8729859707
2023-07-10T10:16:52.445Z,3426779.0958793396
2023-07-10T11:12:39.887Z,3426994.4768085177
2023-07-10T12:30:42.447Z,3426540.071764965
2023-07-10T13:24:10.887Z,3425428.7024817346
2023-07-10T14:14:04.121Z,3425255.755423741
2023-07-10T15:09:57.796Z,3425059.7396848523
2023-07-10T16:20:28.547Z,3424301.0892544626
2023-07-10T17:13:27.956Z,3423475.445808878
2023-07-10T18:18:43.580Z,3424033.9761243276
2023-07-10T19:12:01.853Z,3420272.1842605914
2023-07-10T20:15:56.849Z,3415177.132193865
2023-07-10T21:12:56.945Z,3419903.3549995255
2023-07-10T22:13:58.455Z,3424307.644425822
2023-07-10T23:14:34.219Z,3423629.7848463617
2023-07-11T01:18:32.525Z,3413269.083066682
2023-07-11T01:47:34.939Z,3411470.5328516318
2023-07-11T02:49:44.982Z,3411851.6551320776
2023-07-11T03:19:44.882Z,3413652.0910426015
2023-07-11T04:18:06.268Z,3412754.9144738936
2023-07-11T05:14:12.528Z,3413037.9807865666
2023-07-11T06:19:41.020Z,3412036.1307484554
2023-07-11T07:13:53.578Z,3410033.450997689
2023-07-11T08:19:32.440Z,3411575.475438576
2023-07-11T09:14:49.190Z,3412722.895947238
2023-07-11T10:16:13.414Z,3414350.600816231
2023-07-11T11:12:27.722Z,3414770.892042494
2023-07-11T12:31:38.469Z,3416676.6908417693
2023-07-11T13:23:26.219Z,3416760.9944179547
2023-07-11T14:13:47.809Z,3419916.200715022
2023-07-11T15:15:39.236Z,3417833.804196251
2023-07-11T16:19:29.758Z,3420187.961259658
2023-07-11T17:12:58.104Z,3419317.094096761
2023-07-11T18:18:26.557Z,3418279.037503002
2023-07-11T19:11:45.244Z,3417775.075144552
2023-07-11T20:15:26.588Z,3418186.8573468453
2023-07-11T21:13:01.932Z,3418389.6797181154
2023-07-11T22:13:40.073Z,3418005.062607291
2023-07-11T23:14:23.146Z,3417917.42599903
2023-07-12T01:24:04.804Z,3422006.3909020117
2023-07-12T02:55:11.160Z,3417620.1544528403
2023-07-12T03:23:50.591Z,3418205.015292699
2023-07-12T04:18:08.952Z,3418276.313129997
2023-07-12T05:14:16.865Z,3419854.838031687
2023-07-12T06:19:19.284Z,3420065.6177164344
2023-07-12T07:13:37.444Z,3417243.288264747
2023-07-12T08:19:11.274Z,3417582.6760590537
2023-07-12T09:14:34.101Z,3417626.332598606
2023-07-12T10:15:58.399Z,3417483.2698545065
2023-07-12T11:12:29.476Z,3416709.4897840237
2023-07-12T12:31:34.882Z,3415711.9922328535
2023-07-12T13:24:45.259Z,3418669.5826888517
2023-07-12T14:13:45.546Z,3419738.4131568815
2023-07-12T15:15:08.755Z,3425548.9957837756
2023-07-12T16:19:15.754Z,3426518.8990382697
2023-07-12T17:13:27.619Z,3426903.2330201464
2023-07-12T18:18:40.764Z,3427378.3944061743
2023-07-12T19:11:57.570Z,3426077.993039026
2023-07-12T20:15:38.893Z,3431128.58977951
2023-07-12T20:31:47.176Z,3430276.204015214
2023-07-12T20:48:26.626Z,3430586.090998976
2023-07-12T21:12:51.169Z,3428024.0701651853
2023-07-12T22:13:41.539Z,3429064.422324345
2023-07-12T23:14:37.522Z,3427430.7370193047
2023-07-13T01:27:25.580Z,3427908.880069312
2023-07-13T02:58:40.630Z,3426148.321336761
2023-07-13T03:29:34.193Z,3425786.3658269364
2023-07-13T04:17:50.441Z,3426706.4063812834
2023-07-13T05:14:12.268Z,3426422.402378588
2023-07-13T06:19:33.574Z,3421569.271589302
2023-07-13T07:13:47.739Z,3421484.3547552903
2023-07-13T08:18:54.123Z,3421366.064829435
2023-07-13T09:14:48.772Z,3421932.9152106005
2023-07-13T10:15:38.332Z,3424510.4276020275
2023-07-13T11:12:38.846Z,3424671.7262897803
2023-07-13T12:32:01.432Z,3424906.4689326854
2023-07-13T13:28:57.788Z,3427578.854774103
2023-07-13T14:13:49.932Z,3425710.98677994
2023-07-13T15:15:08.949Z,3425606.294748895
2023-07-13T16:19:28.409Z,3400047.2648267765
2023-07-13T17:13:01.201Z,3393910.103534097
2023-07-13T18:18:33.879Z,3397826.2656308096
2023-07-13T19:10:43.228Z,3391986.9229478925
2023-07-13T20:15:48.487Z,3386111.9861146254
2023-07-13T21:12:49.760Z,3387670.568049014
2023-07-13T22:13:44.296Z,3388447.2933773953
2023-07-13T23:15:02.148Z,3383231.538581665
2023-07-14T01:26:23.042Z,3376502.6242156536
2023-07-14T02:57:38.134Z,3379110.803598446
2023-07-14T03:27:28.434Z,3377957.5761669385
2023-07-14T04:18:00.164Z,3378368.1888845703
2023-07-14T05:14:24.634Z,3378567.5185942356
2023-07-14T06:19:58.397Z,3378395.8504105904
2023-07-14T07:13:43.139Z,3379011.8796282546
2023-07-14T08:18:34.329Z,3383955.1242224667
2023-07-14T09:14:36.125Z,3374637.0780291823
2023-07-14T10:15:37.466Z,3376800.995318678
2023-07-14T11:11:58.063Z,3368331.184271738
2023-07-14T12:30:04.632Z,3365491.9806747045
2023-07-14T13:22:14.709Z,3365869.3613739195
2023-07-14T14:13:08.038Z,3366068.301621145
2023-07-14T15:14:58.387Z,3366067.575804868
2023-07-14T16:18:04.569Z,3366624.6073427633
2023-07-14T17:11:43.465Z,3369484.79097973
2023-07-14T18:17:51.756Z,3375833.834927817
2023-07-14T19:12:00.664Z,3379091.4868463613
2023-07-14T20:15:30.001Z,3379559.0841297465
2023-07-14T21:12:29.901Z,3379760.0782477465
2023-07-14T22:13:51.218Z,3379936.3733646683
2023-07-14T23:14:17.098Z,3379408.1317179804
2023-07-15T01:25:29.692Z,3385036.0505730477
2023-07-15T03:00:11.499Z,3385745.489367461
2023-07-15T03:31:54.785Z,3383256.514954485
2023-07-15T04:17:09.165Z,3383738.9453812116
2023-07-15T05:13:56.064Z,3383790.5956889624
2023-07-15T06:18:26.980Z,3384729.3469876526
2023-07-15T07:13:11.017Z,3384455.077692152
2023-07-15T08:17:30.965Z,3422776.9217645368
2023-07-15T09:13:24.665Z,3423878.528845477
2023-07-15T10:14:36.789Z,3424309.621997168
2023-07-15T11:11:24.362Z,3422490.636484931
2023-07-15T12:27:48.396Z,3423071.8560043373
2023-07-15T13:18:51.115Z,3423288.1955481796
2023-07-15T14:12:24.290Z,3423819.8164156755
2023-07-15T15:13:47.591Z,3424631.6283017206
2023-07-15T16:18:21.541Z,3426434.6656492506
2023-07-15T17:12:01.670Z,3429381.8073341283
2023-07-15T18:17:07.737Z,3427717.8999496102
2023-07-15T19:10:57.987Z,3429301.1583842607
2023-07-15T20:14:26.972Z,3429100.74705648
2023-07-15T21:12:02.116Z,3429732.35716706
2023-07-15T22:13:05.866Z,3429955.099984026
2023-07-15T23:13:44.379Z,3426987.816139139
2023-07-16T01:44:16.028Z,3427618.5123180673
2023-07-16T03:08:29.960Z,3428341.9848994454
2023-07-16T04:17:00.837Z,3427977.735340965
2023-07-16T05:13:32.664Z,3427724.7329791156
2023-07-16T06:18:10.863Z,3428448.3833655883
2023-07-16T07:12:42.839Z,3427359.0907320254
2023-07-16T08:17:22.828Z,3427743.485313659
2023-07-16T09:13:06.794Z,3427296.609675469
2023-07-16T10:14:45.986Z,3421681.6776176486
2023-07-16T11:11:37.422Z,3421172.138543074
2023-07-16T12:26:59.846Z,3421282.620104204
2023-07-16T13:18:43.444Z,3422351.884533226
2023-07-16T14:12:32.135Z,3421971.132324152
2023-07-16T15:13:42.548Z,3420428.745996221
2023-07-16T16:18:02.205Z,3422413.3623918267
2023-07-16T17:12:16.189Z,3423133.781551852
2023-07-16T18:17:16.114Z,3423113.2254188927
2023-07-16T19:11:35.196Z,3423067.6485873326
2023-07-16T20:14:29.511Z,3423231.892601625
2023-07-16T21:12:24.440Z,3422893.8363514724
2023-07-16T22:13:18.629Z,3422478.857379097
2023-07-16T23:13:55.300Z,3421783.3692313465
2023-07-17T01:27:39.953Z,3423715.4903796464
2023-07-17T03:02:17.625Z,3421678.5536270225
2023-07-17T04:18:30.869Z,3411295.1756692505
2023-07-17T05:14:29.566Z,3411917.6587641877
2023-07-17T06:20:14.285Z,3413191.9752427684
2023-07-17T07:14:21.646Z,3413097.231530435
2023-07-17T08:19:33.313Z,3414895.5667193937
2023-07-17T09:15:31.709Z,3408707.6455203653
2023-07-17T10:16:50.535Z,3407690.28349995
2023-07-17T11:12:31.250Z,3414500.0073531447
2023-07-17T12:32:23.738Z,3420964.8968401058
2023-07-17T13:24:54.872Z,3420099.2773486534
2023-07-17T14:14:05.932Z,3420936.936782577
2023-07-17T15:15:48.104Z,3420049.1857862263
2023-07-17T16:19:45.732Z,3420239.1105301376
2023-07-17T17:13:09.446Z,3421747.6668766807
2023-07-17T18:18:50.024Z,3425710.447887809
2023-07-17T19:11:45.028Z,3428510.1057432196
2023-07-17T20:15:53.628Z,3427648.0968652335
2023-07-17T21:12:21.892Z,3427803.6811472783
2023-07-17T22:12:47.767Z,3425255.268486253
2023-07-17T23:13:51.994Z,3424240.20070765
2023-07-18T01:47:04.429Z,3425679.1791737266
2023-07-18T02:58:48.066Z,3426972.518089781
2023-07-18T03:26:03.932Z,3425940.9414955713
2023-07-18T04:16:37.621Z,3425802.839014582
2023-07-18T05:13:26.144Z,3425131.23719181
2023-07-18T06:18:15.189Z,3426703.956076362
2023-07-18T07:13:09.853Z,3425711.6347670243
2023-07-18T08:18:13.869Z,3419144.194012101
2023-07-18T09:14:07.509Z,3423846.3501858525
2023-07-18T10:15:13.475Z,3423991.32553006
2023-07-18T11:11:43.075Z,3423148.2809638125
2023-07-18T12:29:01.914Z,3429108.7882995713
2023-07-18T13:20:02.608Z,3420328.115991071
2023-07-18T14:13:06.215Z,3423857.648395516
2023-07-18T15:14:32.258Z,3423311.5707360455
2023-07-18T16:19:52.868Z,3422657.024348803
2023-07-18T17:12:26.227Z,3424389.4741298133
2023-07-18T18:18:04.175Z,3426245.1454318706
2023-07-18T19:11:22.513Z,3424790.4273426696
2023-07-18T20:14:52.456Z,3427674.0550341983
2023-07-18T21:11:11.415Z,3426972.4268507184
2023-07-18T22:12:31.984Z,3426591.398715398
2023-07-18T23:12:43.847Z,3427925.8709771745
2023-07-19T02:35:30.979Z,3427453.6642786916
2023-07-19T03:53:17.503Z,3426640.0033526896
2023-07-19T04:20:44.758Z,3426574.688262913
2023-07-19T05:12:46.680Z,3427443.261776308
2023-07-19T06:17:25.328Z,3426435.5703987703
2023-07-19T07:12:37.207Z,3415211.2510497896
2023-07-19T08:16:55.986Z,3416297.082094294
2023-07-19T09:13:09.347Z,3415534.868649221
2023-07-19T10:14:07.772Z,3413717.0544137997
2023-07-19T11:11:17.963Z,3413247.676899043
2023-07-19T12:26:51.562Z,3415248.450880636
2023-07-19T13:17:56.972Z,3417302.2631638153
2023-07-19T14:12:37.798Z,3416167.5194262657
2023-07-19T15:14:08.056Z,3416024.846939439
2023-07-19T16:17:19.613Z,3415944.4639509483
2023-07-19T17:12:12.444Z,3416513.1613450325
2023-07-19T18:16:33.516Z,3416132.019050542
2023-07-19T19:10:57.672Z,3416491.863254703
2023-07-19T20:13:19.228Z,3417842.7319503
2023-07-19T21:11:43.266Z,3419176.3818898466
2023-07-19T22:12:35.304Z,3423102.841545022
2023-07-19T23:12:55.189Z,3424743.8985675313
2023-07-20T01:13:08.058Z,3423864.6635946627
2023-07-20T02:31:45.313Z,3425395.004775369
2023-07-20T03:13:46.029Z,3425433.937200502
2023-07-20T04:15:58.673Z,3426249.0246752007
2023-07-20T05:12:30.620Z,3426001.0672742627
2023-07-20T06:17:28.897Z,3424573.2896308107
2023-07-20T07:12:39.307Z,3427321.7971400693
2023-07-20T08:16:43.039Z,3425023.2113331766
2023-07-20T09:13:02.549Z,3425194.1256062184
2023-07-20T10:14:25.127Z,3426651.2012856803
2023-07-20T11:11:10.438Z,3426471.6534066517
2023-07-20T12:28:31.557Z,3429386.0952455224
2023-07-20T13:18:02.076Z,3433606.227659274
2023-07-20T14:12:30.248Z,3434754.694854459
2023-07-20T15:13:45.010Z,3437399.468506802
2023-07-20T16:17:19.562Z,3438933.6604738533
2023-07-20T17:11:44.252Z,3439555.7518626773
2023-07-20T18:17:08.362Z,3439679.440995349
2023-07-20T19:10:33.516Z,3440115.0736507033
2023-07-20T20:13:45.822Z,3443202.4377503768
2023-07-20T21:11:26.488Z,3443303.285965149
2023-07-20T22:12:09.101Z,3439585.4777511084
2023-07-20T23:13:14.288Z,3436847.8238638183
2023-07-21T01:13:51.441Z,3439053.619296725
2023-07-21T02:33:41.002Z,3438243.1917182747
2023-07-21T03:13:37.283Z,3438323.888882901
2023-07-21T04:15:47.244Z,3437696.9614115967
2023-07-21T05:12:45.323Z,3438547.8075272185
2023-07-21T06:17:31.447Z,3436812.1592808445
2023-07-21T07:12:06.277Z,3435306.898566305
2023-07-21T08:16:24.656Z,3436342.511355587
2023-07-21T09:13:00.292Z,3436058.8253803225
2023-07-21T10:14:06.820Z,3433589.2713049203
2023-07-21T11:11:03.316Z,3433363.2280557454
2023-07-21T12:26:30.040Z,3434069.5804331955
2023-07-21T13:16:54.368Z,3436402.0478693144
2023-07-21T14:11:50.983Z,3437401.5186417843
2023-07-21T15:13:31.873Z,3434384.669526129
2023-07-21T16:17:26.322Z,3435709.777078935
2023-07-21T17:11:58.165Z,3422617.1562074283
2023-07-21T18:17:14.954Z,3422555.652120592
2023-07-21T19:10:22.221Z,3424090.0015276913
2023-07-21T20:13:33.717Z,3424507.1865107636
2023-07-21T21:11:12.937Z,3423473.8134585833
2023-07-21T22:12:13.714Z,3425011.6026625563
2023-07-21T23:12:33.306Z,3425639.5888900794
2023-07-22T01:13:09.139Z,3427067.6174187264
2023-07-22T02:30:31.929Z,3427772.948440188
2023-07-22T03:13:33.558Z,3421246.8458223296
2023-07-22T04:15:16.145Z,3421837.050540093
2023-07-22T05:11:54.913Z,3422199.4177194983
2023-07-22T06:15:54.648Z,3422664.2380731604
2023-07-22T07:11:31.335Z,3422686.2617152617
2023-07-22T08:15:03.356Z,3423212.0528338873
2023-07-22T09:11:50.569Z,3428409.8398275236
2023-07-22T10:12:39.561Z,3434014.042752642
2023-07-22T11:10:52.424Z,3436183.6747137904
2023-07-22T12:24:18.595Z,3437564.7271750323
2023-07-22T13:14:14.861Z,3437282.1770255244
2023-07-22T14:10:30.396Z,3438352.814497257
2023-07-22T15:12:08.273Z,3440058.379116192
2023-07-22T16:15:53.922Z,3440733.051928488
2023-07-22T17:10:53.463Z,3441420.2565138033
2023-07-22T18:15:16.565Z,3442422.6606783536
2023-07-22T19:09:49.953Z,3442145.91751754
2023-07-22T20:12:34.509Z,3442198.8670058735
2023-07-22T21:10:54.187Z,3442201.524521594
2023-07-22T22:11:59.298Z,3443168.7104895716
2023-07-22T23:11:57.637Z,3443570.1540562934
2023-07-23T01:17:54.354Z,3453989.722289059
2023-07-23T02:36:21.297Z,3453940.1043810723
2023-07-23T03:13:47.079Z,3453671.528721569
2023-07-23T04:15:20.187Z,3454812.9536575284
2023-07-23T05:12:20.362Z,3457624.0356199085
2023-07-23T06:16:29.685Z,3454111.9188732305
2023-07-23T07:11:29.926Z,3454096.933866358
2023-07-23T08:15:24.771Z,3454297.2952970923
2023-07-23T09:11:45.381Z,3452547.956432055
2023-07-23T10:13:02.853Z,3453527.8184360475
2023-07-23T11:10:03.118Z,3453006.35072733
2023-07-23T12:24:07.600Z,3454026.56182533
2023-07-23T13:14:26.618Z,3453069.392644559
2023-07-23T14:10:45.670Z,3453177.6191268596
2023-07-23T15:12:04.520Z,3439118.2583843754
2023-07-23T16:15:50.962Z,3438611.2984253806
2023-07-23T17:10:56.208Z,3435528.0928379064
2023-07-23T18:15:27.519Z,3433372.865607608
2023-07-23T19:10:05.764Z,3430022.602476171
2023-07-23T20:13:04.002Z,3429802.3512710077
2023-07-23T21:11:54.115Z,3430118.470843298
2023-07-23T22:11:23.844Z,3428024.1451617284
2023-07-23T23:13:01.858Z,3428634.5223811585
2023-07-24T01:13:55.397Z,3428933.5438800612
2023-07-24T02:33:25.861Z,3432666.817620159
2023-07-24T03:14:01.934Z,3432928.0173029713
2023-07-24T04:15:56.357Z,3438589.531912404
2023-07-24T05:12:52.413Z,3439839.9461951214
2023-07-24T06:17:56.043Z,3439299.993323659
2023-07-24T07:13:04.692Z,3437595.476917926
2023-07-24T08:17:43.123Z,3437834.271569447
2023-07-24T09:14:01.674Z,3438394.3285205164
2023-07-24T10:15:09.396Z,3440709.492706477
2023-07-24T11:11:31.290Z,3439885.164590554
2023-07-24T12:27:25.876Z,3439401.322422624
2023-07-24T13:18:33.488Z,3441763.0989528755
2023-07-24T14:13:27.567Z,3442365.3956971653
2023-07-24T15:13:59.657Z,3441806.8079015375
2023-07-24T16:17:35.994Z,3441998.3260102994
2023-07-24T17:12:15.711Z,3443044.185209664
2023-07-24T18:18:14.956Z,3443703.2990609948
2023-07-24T19:10:44.678Z,3441868.517760232
2023-07-24T20:12:58.834Z,3440230.25794238
2023-07-24T20:50:15.253Z,3439932.846009984
2023-07-24T21:12:40.339Z,3439210.7492334503
2023-07-24T22:12:34.395Z,3442861.4794340967
2023-07-24T23:13:06.930Z,3442165.7746795006
2023-07-25T01:18:41.335Z,3441583.305626403
2023-07-25T02:44:46.709Z,3439916.3475039788
2023-07-25T03:13:51.257Z,3439690.917739422
2023-07-25T04:15:52.031Z,3439986.3030161755
2023-07-25T05:12:57.528Z,3438665.9547720132
2023-07-25T06:17:39.312Z,3439345.363384412
2023-07-25T07:12:48.139Z,3439047.2996753096
2023-07-25T08:17:15.553Z,3438441.4862424727
2023-07-25T09:13:39.609Z,3436944.5583414943
2023-07-25T10:14:50.390Z,3437749.755054135
2023-07-25T11:11:01.377Z,3437219.17065259
2023-07-25T12:28:48.266Z,3437685.6231104904
2023-07-25T13:19:12.536Z,3436785.0606429535
2023-07-25T14:12:41.521Z,3435724.653592247
2023-07-25T15:14:18.482Z,3436478.782540685
2023-07-25T16:17:21.208Z,3437241.0780219696
2023-07-25T17:11:22.432Z,3437764.981916741
2023-07-25T18:15:53.874Z,3438182.801562988
2023-07-25T19:09:25.460Z,3438868.3078735466
2023-07-25T19:43:24.598Z,3438562.952755224
2023-07-25T20:13:20.002Z,3438545.4114225637
2023-07-25T21:11:24.752Z,3437619.382835786
2023-07-25T22:11:38.212Z,3438229.820677991
2023-07-25T23:11:21.007Z,3438469.5996701033
2023-07-26T01:13:35.831Z,3438671.8940023403
2023-07-26T02:34:40.567Z,3438472.7273210296
2023-07-26T03:13:11.710Z,3437624.7409476065
2023-07-26T04:14:55.706Z,3437899.9185819523
2023-07-26T05:12:20.359Z,3439137.3443159186
2023-07-26T06:16:40.229Z,3438947.268556522
2023-07-26T07:11:50.357Z,3438811.789905472
2023-07-26T08:16:32.679Z,3436326.713427957
2023-07-26T09:12:47.200Z,3436201.7493368164
2023-07-26T10:14:00.520Z,3432502.4481172236
2023-07-26T11:10:33.795Z,3433408.8721035137
2023-07-26T12:26:28.437Z,3434532.344917937
2023-07-26T13:16:40.687Z,3437282.8202457163
2023-07-26T14:11:56.057Z,3437084.1780510526
2023-07-26T15:13:04.232Z,3436675.4292883906
2023-07-26T16:17:15.194Z,3436026.5675005056
2023-07-26T17:11:37.456Z,3435741.3803272643
2023-07-26T18:15:58.631Z,3434365.551242272
2023-07-26T19:10:38.056Z,3432377.221754818
2023-07-26T20:12:47.857Z,3428202.256397387
2023-07-26T21:11:21.361Z,3427823.6910589226
2023-07-26T22:11:42.881Z,3428334.770507101
2023-07-26T23:12:25.328Z,3430304.284180872
2023-07-27T01:05:25.570Z,3428399.7912239693
2023-07-27T02:24:34.890Z,3427942.7534566536
2023-07-27T03:13:02.656Z,3426763.897175209
2023-07-27T04:14:41.710Z,3427691.174692644
2023-07-27T05:12:02.652Z,3420377.5982901445
2023-07-27T06:16:55.186Z,3408984.4649877856
2023-07-27T07:12:10.671Z,3409683.6926767533
2023-07-27T08:16:24.232Z,3409569.4031898915
2023-07-27T09:13:03.026Z,3408335.92339237
2023-07-27T10:13:33.895Z,3408120.608892836
2023-07-27T11:10:52.526Z,3407481.597808476
2023-07-27T12:27:17.490Z,3407952.9177817567
2023-07-27T13:16:32.199Z,3407662.168128834
2023-07-27T14:11:54.732Z,3407918.5084614432
2023-07-27T15:13:02.377Z,3407990.219393986
2023-07-27T16:16:46.882Z,3408462.6412678366
2023-07-27T17:11:35.526Z,3408639.7845894876
2023-07-27T18:15:42.571Z,3409225.508224314
2023-07-27T19:10:12.341Z,3409751.924565551
2023-07-27T20:12:58.233Z,3411681.6353463205
2023-07-27T21:10:12.375Z,3413779.563468338
2023-07-27T22:11:56.468Z,3412609.149144917
2023-07-27T23:12:49.891Z,3410621.518211911
2023-07-28T01:06:29.223Z,3410036.891631503
2023-07-28T02:27:55.421Z,3407459.3065441116
2023-07-28T03:13:01.662Z,3407380.9366196366
2023-07-28T04:14:58.379Z,3408479.1074785134
2023-07-28T05:12:21.674Z,3407566.770058149
2023-07-28T06:17:13.292Z,3407604.562181049
2023-07-28T07:11:49.173Z,3410011.0332589885
2023-07-28T08:15:49.429Z,3410184.713323784
2023-07-28T09:12:30.501Z,3409208.683933496
2023-07-28T10:13:33.704Z,3408818.8656843244
2023-07-28T11:10:52.815Z,3408039.7018758943
2023-07-28T12:27:08.690Z,3407624.9696052712
2023-07-28T13:16:33.719Z,3410460.351153251
2023-07-28T14:13:58.098Z,3409784.1964981006
2023-07-28T15:13:37.170Z,3407528.262811617
2023-07-28T16:16:52.573Z,3412911.6128386836
2023-07-28T17:11:12.631Z,3413761.005526719
2023-07-28T18:15:01.515Z,3418512.5752679505
2023-07-28T19:10:29.991Z,3417855.439967298
2023-07-28T20:13:17.027Z,3418300.4722053567
2023-07-28T21:11:03.237Z,3418573.0100926757
2023-07-28T22:11:42.005Z,3418558.98236454
2023-07-28T23:12:39.670Z,3418161.6741749863
2023-07-29T01:07:27.980Z,3416031.7110112067
2023-07-29T02:24:45.193Z,3416348.741973723
2023-07-29T03:12:50.396Z,3415872.750470913
2023-07-29T04:14:39.313Z,3415864.8489788664
2023-07-29T05:11:25.440Z,3415827.3924930464
2023-07-29T06:15:21.523Z,3416297.7850796496
2023-07-29T07:11:07.201Z,3416470.781439643
2023-07-29T08:14:30.757Z,3416929.7211564826
2023-07-29T09:11:14.388Z,3417887.271968281
2023-07-29T10:12:16.277Z,3418936.6556647737
2023-07-29T11:09:47.376Z,3419163.84899221
2023-07-29T12:23:36.381Z,3419236.7911229967
2023-07-29T13:13:44.974Z,3418587.503521708
2023-07-29T14:10:24.960Z,3420172.680809844
2023-07-29T15:11:56.335Z,3420810.0687358906
2023-07-29T16:15:10.416Z,3420853.5383127416
2023-07-29T17:10:18.464Z,3420892.0671453425
2023-07-29T18:14:41.935Z,3419943.1356754247
2023-07-29T19:09:51.346Z,3419805.407824048
2023-07-29T20:12:17.153Z,3419760.8414659863
2023-07-29T21:10:16.008Z,3417745.5761118424
2023-07-29T22:11:09.848Z,3417170.574858961
2023-07-29T22:25:16.062Z,3416723.781746152
2023-07-29T22:37:16.367Z,3416890.219079302
2023-07-29T23:11:56.203Z,3416333.296632296
2023-07-30T01:09:51.105Z,3416163.172355943
2023-07-30T02:27:04.894Z,3416018.567087631
2023-07-30T03:12:55.668Z,3415122.1459894115
2023-07-30T04:14:31.896Z,3413730.4985688203
2023-07-30T05:11:28.758Z,3413303.3345223293
2023-07-30T06:15:38.404Z,3413175.166544816
2023-07-30T07:11:09.942Z,3412479.6870652298
2023-07-30T08:14:43.295Z,3410919.3942889925
2023-07-30T09:11:29.266Z,3408819.9473068877
2023-07-30T10:12:24.832Z,3406319.400619178
2023-07-30T11:09:38.324Z,3406241.8834897815
2023-07-30T12:24:12.245Z,3405763.541943068
2023-07-30T13:14:22.877Z,3414556.654480323
2023-07-30T14:10:35.538Z,3414348.382147419
2023-07-30T15:11:59.755Z,3412800.755145833
2023-07-30T16:15:28.935Z,3413773.125631432
2023-07-30T17:10:42.042Z,3411441.0593096567
2023-07-30T18:15:02.424Z,3425886.531639086
2023-07-30T19:01:05.275Z,3425950.486367483
2023-07-30T20:12:25.264Z,3420836.650877359
2023-07-30T21:10:33.005Z,3421673.499174488
2023-07-30T22:11:25.876Z,3410755.40930697
2023-07-30T23:12:18.164Z,3397533.2428681455
2023-07-31T01:10:24.313Z,3398592.851940757
2023-07-31T02:30:27.394Z,3393580.126817762
2023-07-31T03:13:38.254Z,3393842.617820526
2023-07-31T04:15:46.945Z,3392560.808572429
2023-07-31T05:12:19.715Z,3392033.4543957487
2023-07-31T06:17:21.145Z,3392580.8741846676
2023-07-31T07:12:43.610Z,3391223.1761460383
2023-07-31T08:17:40.379Z,3387363.6074319608
2023-07-31T09:14:00.459Z,3390233.5795458234
2023-07-31T10:14:44.720Z,3388843.7813736983
2023-07-31T11:11:10.844Z,3388156.7436748412
2023-07-31T12:28:32.742Z,3387685.5539942496
2023-07-31T13:18:34.679Z,3390518.8721918715
2023-07-31T14:13:03.056Z,3393743.796360303
2023-07-31T15:14:19.735Z,3391473.7188945645
2023-07-31T16:18:57.336Z,3390584.9662468974
2023-07-31T18:16:37.819Z,3391975.754653934
2023-07-31T19:10:22.175Z,3392165.7372408262
2023-07-31T20:13:38.056Z,3394086.142517665
2023-07-31T21:11:49.386Z,3401942.5152984275
2023-07-31T22:12:33.445Z,3396311.7371019213
2023-07-31T23:13:07.334Z,3395220.615073607
2023-08-01T01:14:07.339Z,3380419.754337571
2023-08-01T02:35:26.347Z,3389671.1086178618
2023-08-01T03:14:13.016Z,3393890.365375463
2023-08-01T04:15:54.030Z,3393104.943554633
2023-08-01T05:12:40.322Z,3391109.5389403095
2023-08-01T06:18:20.192Z,3392227.682558128
2023-08-01T07:13:08.721Z,3388902.683324202
2023-08-01T08:16:57.473Z,3387379.1234243414
2023-08-01T09:13:01.207Z,3382620.2135905414
2023-08-01T10:13:53.644Z,3377971.832908476
2023-08-01T11:10:40.218Z,3374282.6062523467
2023-08-01T12:27:10.064Z,3375302.838670981
2023-08-01T13:16:35.413Z,3376374.785740621
2023-08-01T14:12:34.788Z,3376415.1501419167
2023-08-01T15:13:27.442Z,3378144.9627201254
2023-08-01T16:16:52.905Z,3377743.557665892
2023-08-01T17:11:35.945Z,3373985.1364238495
2023-08-01T18:16:12.078Z,3373297.404242896
2023-08-01T19:10:15.221Z,3364261.9949782263
2023-08-01T20:13:35.261Z,3358264.926301896
2023-08-01T21:11:32.969Z,3354430.481748681
2023-08-01T22:11:50.361Z,3352576.4378227117
2023-08-01T23:12:33.307Z,3348008.4700850495
2023-08-02T01:05:24.958Z,3337516.4101592125
2023-08-02T02:24:48.263Z,3337490.3056365545
2023-08-02T03:12:55.377Z,3338801.204206393
2023-08-02T04:15:12.586Z,3342429.768257836
2023-08-02T05:12:20.170Z,3346149.3967127465
2023-08-02T06:16:38.712Z,3345466.1744988123
2023-08-02T07:12:08.072Z,3346202.548084404
2023-08-02T08:16:13.977Z,3345267.3640253763
2023-08-02T09:12:35.040Z,3344778.812540441
2023-08-02T10:13:39.016Z,3345385.176688613
2023-08-02T11:10:47.008Z,3345532.8617019486
2023-08-02T12:26:16.115Z,3345115.529155456
2023-08-02T14:12:19.228Z,3348400.7061699457
2023-08-02T15:12:36.929Z,3348058.8936554226
2023-08-02T16:17:14.973Z,3347986.2616307563
2023-08-02T17:11:20.535Z,3349267.8747382215
2023-08-02T18:15:30.539Z,3341026.496245081
2023-08-02T19:10:32.590Z,3341836.370299473
2023-08-02T20:13:21.074Z,3339727.976517311
2023-08-02T21:11:04.281Z,3339265.1269576172
2023-08-02T22:11:36.639Z,3339152.1892389576
2023-08-02T23:12:06.465Z,3338915.8202932132
2023-08-03T01:07:41.073Z,3337798.137942143
2023-08-03T02:26:32.974Z,3337928.065848345
2023-08-03T03:12:46.626Z,3337950.8478915812
2023-08-03T04:15:37.124Z,3338145.588928966
2023-08-03T06:16:40.327Z,3338121.522162253
2023-08-03T08:16:17.823Z,3338706.0636448963
2023-08-03T09:12:57.494Z,3338600.568158338
2023-08-03T10:13:56.370Z,3337059.6504699537
2023-08-03T11:10:53.477Z,3336820.4912245865
2023-08-03T12:26:53.889Z,3338715.3400646932
2023-08-03T13:16:38.733Z,3339818.781782751
2023-08-03T14:12:15.712Z,3341359.3083564593
2023-08-03T15:13:28.085Z,3340648.083100971
2023-08-03T16:15:43.128Z,3340787.1253137984
2023-08-03T17:11:36.653Z,3342627.937342281
2023-08-03T18:16:11.867Z,3343391.520813145
2023-08-03T19:10:16.355Z,3343199.595900976
2023-08-03T20:13:03.269Z,3340475.964997495
2023-08-03T21:11:05.262Z,3339863.399031271
2023-08-03T22:11:46.088Z,3342643.4534862307
2023-08-03T23:12:23.691Z,3343140.340362943
2023-08-04T01:09:59.203Z,3343911.8133670995
2023-08-04T02:27:25.348Z,3344752.610384887
2023-08-04T03:13:13.206Z,3345905.2069208133
2023-08-04T04:15:27.910Z,3345511.689586842
2023-08-04T05:12:11.067Z,3345871.579027546
2023-08-04T06:16:52.350Z,3345312.617347652
2023-08-04T07:11:41.010Z,3345364.3040533955
2023-08-04T08:16:07.983Z,3345566.3610658715
2023-08-04T09:12:37.575Z,3343254.9211120033
2023-08-04T10:13:24.366Z,3344026.8586891126
2023-08-04T11:10:48.957Z,3342861.319090879
2023-08-04T12:25:14.519Z,3342650.9776056325
2023-08-04T13:15:27.665Z,3341947.7887662235
2023-08-04T14:11:54.831Z,3341349.693938991
2023-08-04T15:13:06.426Z,3341845.8832913744
2023-08-04T16:16:17.020Z,3342345.0193812684
2023-08-04T17:11:12.030Z,3341974.6969998744
2023-08-04T18:16:19.638Z,3342961.933876902
2023-08-04T19:10:37.731Z,3343442.153384493
2023-08-04T20:13:10.001Z,3344327.259188151
2023-08-04T21:10:44.065Z,3343842.7548337895
2023-08-04T22:11:47.201Z,3345083.4027390615
2023-08-04T23:12:04.751Z,3344877.557070708
2023-08-05T01:06:20.399Z,3345124.17598653
2023-08-05T02:24:56.539Z,3346074.4797257786
2023-08-05T03:12:50.517Z,3345580.7451205812
2023-08-05T04:14:39.465Z,3346712.570180813
2023-08-05T05:11:12.867Z,3345837.462149643
2023-08-05T06:15:19.108Z,3345231.0139895007
2023-08-05T07:10:48.617Z,3345632.67474486
2023-08-05T08:14:51.552Z,3345410.9585794774
2023-08-05T09:11:15.666Z,3345424.615397598
2023-08-05T10:11:50.191Z,3345126.5405280488
2023-08-05T11:10:05.012Z,3344803.5087841167
2023-08-05T12:23:16.437Z,3344172.5025583603
2023-08-05T13:13:43.472Z,3355754.5857291208
2023-08-05T14:10:30.877Z,3355316.1687908876
2023-08-05T15:11:44.868Z,3355417.3130865158
2023-08-05T16:15:04.412Z,3354830.816055091
2023-08-05T17:10:27.963Z,3354998.1068879766
2023-08-05T18:14:33.078Z,3353649.069601287
2023-08-05T19:09:26.715Z,3352325.267037464
2023-08-05T20:12:16.956Z,3352685.891848969
2023-08-05T21:10:10.486Z,3352382.6245755586
2023-08-05T22:11:05.893Z,3352314.4945564386
2023-08-05T23:12:03.469Z,3352689.364048939
2023-08-06T01:03:26.631Z,3353149.814476337
2023-08-06T02:21:31.554Z,3357679.460670539
2023-08-06T03:13:05.084Z,3354013.6701952377
2023-08-06T04:14:35.130Z,3353920.2502479
2023-08-06T06:15:49.728Z,3353731.4700969076
2023-08-06T07:11:28.732Z,3352591.607513951
2023-08-06T08:14:23.016Z,3353031.2814215394
2023-08-06T09:11:33.821Z,3352042.3329625404
2023-08-06T10:12:23.498Z,3351937.1936220825
2023-08-06T11:10:24.556Z,3352133.03422428
2023-08-06T12:22:22.838Z,3351701.0578658497
2023-08-06T13:14:28.489Z,3352516.631498541
2023-08-06T14:10:46.700Z,3353250.007797483
2023-08-06T15:12:27.687Z,3356351.249112685
2023-08-06T16:16:13.099Z,3357304.3828688455
2023-08-06T17:09:58.425Z,3360928.5909327944
2023-08-06T18:14:35.686Z,3360185.356101067
2023-08-06T19:09:26.350Z,3359579.6088749133
2023-08-06T20:13:01.351Z,3355987.0913636647
2023-08-06T21:10:18.325Z,3358761.9120023265
2023-08-06T22:10:56.384Z,3359198.844632666
2023-08-06T23:11:58.622Z,3359531.000258599
2023-08-07T01:08:35.389Z,3357602.8298622416
2023-08-07T03:13:38.641Z,3354658.5059760027
2023-08-07T04:15:36.128Z,3355021.324654696
2023-08-07T05:12:22.739Z,3357335.971632623
2023-08-07T06:17:20.403Z,3356991.4956378057
2023-08-07T07:12:16.430Z,3351158.1943036336
2023-08-07T08:17:06.883Z,3354026.8270810945
2023-08-07T09:13:18.669Z,3354227.500120711
2023-08-07T10:14:31.411Z,3354221.601252759
2023-08-07T11:10:40.195Z,3356374.837015679
2023-08-07T12:26:47.613Z,3357356.9352924703
2023-08-07T13:16:50.434Z,3360734.29985512
2023-08-07T15:13:43.576Z,3359815.2619519816
2023-08-07T16:16:47.657Z,3362557.840421731
2023-08-07T17:11:25.801Z,3362052.420913811
2023-08-07T18:15:48.598Z,3363698.682326012
2023-08-07T19:10:20.266Z,3362499.390822869
2023-08-07T20:13:04.683Z,3372707.9016198874
2023-08-07T22:12:08.721Z,3362638.442911803
2023-08-07T23:12:04.374Z,3362857.6048709867
2023-08-08T01:05:50.418Z,3362505.587794451
2023-08-08T02:27:22.099Z,3363729.8678820217
2023-08-08T04:15:17.598Z,3360625.25755009
2023-08-08T05:11:48.033Z,3361316.001474633
2023-08-08T06:16:33.796Z,3363293.7823514654
2023-08-08T07:11:41.781Z,3363674.830352523
2023-08-08T08:16:12.774Z,3358198.1924582436
2023-08-08T09:12:27.589Z,3357441.5504884557
2023-08-08T10:13:43.095Z,3356099.9443591023
2023-08-08T11:10:49.641Z,3356903.520538639
2023-08-08T12:26:00.327Z,3356081.6573990076
2023-08-08T13:16:15.230Z,3355615.4107765
2023-08-08T14:12:01.549Z,3352496.3313269303
2023-08-08T15:13:41.337Z,3351203.6136384127
2023-08-08T16:17:24.205Z,3348813.1797984373
2023-08-08T17:12:30.918Z,3349461.717974022
2023-08-08T18:17:22.993Z,3349549.6224249876
2023-08-08T19:10:34.013Z,3348958.342595321
2023-08-08T20:13:36.613Z,3357426.2497893735
2023-08-08T21:11:30.701Z,3369784.280913905
2023-08-08T22:12:24.527Z,3366446.9564085095
2023-08-08T23:12:45.020Z,3370577.787365833
2023-08-09T01:10:08.259Z,3369804.0653694193
2023-08-09T02:27:47.441Z,3369401.9403580623
2023-08-09T03:13:12.712Z,3369649.5804749145
2023-08-09T04:15:38.991Z,3369515.3208092614
2023-08-09T05:12:20.034Z,3361949.2744925446
2023-08-09T06:17:16.173Z,3367610.6277903845
2023-08-09T07:12:39.091Z,3370847.6162873995
2023-08-09T08:17:55.202Z,3370722.1200457863
2023-08-09T09:13:57.737Z,3369606.91517688
2023-08-09T10:14:32.736Z,3369014.795248665
2023-08-09T11:11:15.479Z,3370911.5051306803
2023-08-09T12:28:01.310Z,3373680.953452628
2023-08-09T13:17:47.255Z,3375394.812804296
2023-08-09T14:13:01.212Z,3368757.3468272425
2023-08-09T15:15:47.385Z,3368646.5845083455
2023-08-09T16:19:27.824Z,3368687.776526572
2023-08-09T17:12:19.899Z,3369042.3040863075
2023-08-09T18:17:12.397Z,3368603.223792459
2023-08-09T19:11:12.725Z,3368208.848528805
2023-08-09T20:14:09.428Z,3360339.2404503543
2023-08-09T21:12:02.758Z,3360857.2742728493
2023-08-09T22:12:17.070Z,3361317.8349340716
2023-08-09T23:12:26.317Z,3361722.4221758004
2023-08-10T01:09:14.815Z,3360867.580251271
2023-08-10T02:32:52.369Z,3361528.6211796575
2023-08-10T03:13:26.661Z,3362227.2433519773
2023-08-10T04:16:02.453Z,3362352.788145558
2023-08-10T05:12:38.692Z,3361448.488726696
2023-08-10T06:17:23.720Z,3361798.555483381
2023-08-10T07:12:19.129Z,3361237.353244237
2023-08-10T08:17:07.714Z,3359147.3298230595
2023-08-10T09:13:29.374Z,3359360.2385669593
2023-08-10T10:14:22.381Z,3359628.1834090184
2023-08-10T11:11:31.443Z,3361516.6019234904
2023-08-10T12:28:20.322Z,3360559.8872272163
2023-08-10T13:18:19.351Z,3360676.376759861
2023-08-10T14:12:57.241Z,3361077.527339461
2023-08-10T15:14:08.605Z,3363116.8234826596
2023-08-10T16:17:47.632Z,3363757.2367772283
2023-08-10T17:11:30.859Z,3363342.109995342
2023-08-10T18:16:18.085Z,3363672.2346525956
2023-08-10T19:10:17.293Z,3364205.009065268
2023-08-10T20:13:13.177Z,3365012.1118338373
2023-08-10T21:11:13.560Z,3364472.4538457585
2023-08-10T22:11:38.775Z,3364762.349802548
2023-08-10T23:12:34.038Z,3364619.185025406
2023-08-11T00:55:41.482Z,3363934.552483598
2023-08-11T01:43:27.787Z,3364286.5575840557
2023-08-11T02:16:35.711Z,3365369.688392385
2023-08-11T03:13:07.089Z,3365747.9523701794
2023-08-11T04:15:34.295Z,3365729.3864470036
2023-08-11T05:12:07.952Z,3366186.169461159
2023-08-11T06:16:16.196Z,3364165.585755364
2023-08-11T07:12:09.477Z,3363908.7551136357
2023-08-11T08:15:43.884Z,3363554.6951823253
2023-08-11T09:12:16.879Z,3359380.668524933
2023-08-11T10:13:32.709Z,3359612.7439435693
2023-08-11T11:10:38.531Z,3359663.096940397
2023-08-11T12:23:54.803Z,3359248.529909768
2023-08-11T13:14:43.287Z,3364402.5551187415
2023-08-11T14:11:24.074Z,3364548.013728086
2023-08-11T15:12:59.246Z,3379962.713192586
2023-08-11T16:14:33.784Z,3378570.744012143
2023-08-11T17:11:20.818Z,3380473.632527081
2023-08-11T18:15:39.986Z,3380568.7103854567
2023-08-11T19:10:08.639Z,3381288.4107748414
2023-08-11T20:13:08.818Z,3380981.9383069575
2023-08-11T21:10:40.840Z,3380895.7875138856
2023-08-11T22:11:35.181Z,3378840.1932051727
2023-08-11T23:11:53.718Z,3378916.51288018
2023-08-12T00:54:52.974Z,3362998.0044687563
2023-08-12T01:41:28.806Z,3362364.0540385013
2023-08-12T02:15:15.562Z,3362358.0199639373
2023-08-12T03:12:25.640Z,3362854.6169659793
2023-08-12T04:14:29.071Z,3363372.6775046852
2023-08-12T05:11:26.700Z,3364432.667960368
2023-08-12T06:15:14.080Z,3364868.600882427
2023-08-12T07:10:47.054Z,3364425.0050242273
2023-08-12T08:14:28.818Z,3363742.6174605987
2023-08-12T09:11:11.688Z,3363405.76519607
2023-08-12T10:12:02.151Z,3363418.284278575
2023-08-12T11:09:32.301Z,3361764.7260726243
2023-08-12T12:21:56.300Z,3363397.9784744927
2023-08-12T13:13:04.121Z,3363086.2083147564
2023-08-12T14:10:17.400Z,3363439.6600931706
2023-08-12T15:11:37.612Z,3371815.321516326
2023-08-12T17:10:20.156Z,3371716.381368278
2023-08-12T18:14:26.113Z,3371433.965584244
2023-08-12T19:09:16.573Z,3371378.6264068717
2023-08-12T20:12:06.764Z,3370744.271803297
2023-08-12T21:10:07.161Z,3370633.1390874153
2023-08-12T22:10:56.866Z,3371156.3526215954
2023-08-12T23:11:58.892Z,3371202.8017286975
2023-08-13T00:59:08.204Z,3370534.243788361
2023-08-13T01:52:04.806Z,3370471.940139329
2023-08-13T02:17:17.849Z,3370394.25994617
2023-08-13T03:12:26.824Z,3370752.54427167
2023-08-13T04:14:22.455Z,3370919.0162428906
2023-08-13T05:11:18.843Z,3370807.419566009
2023-08-13T06:15:06.723Z,3371733.47023519
2023-08-13T07:10:51.051Z,3370802.1655283156
2023-08-13T08:14:19.091Z,3371900.1130599724
2023-08-13T09:11:19.860Z,3371308.1156377466
2023-08-13T10:12:39.145Z,3371407.589152246
2023-08-13T11:09:42.787Z,3371658.4025376565
2023-08-13T12:21:50.394Z,3371672.5301850103
2023-08-13T13:13:12.260Z,3373310.2138802498
2023-08-13T15:10:14.279Z,3371121.745381917
2023-08-13T16:15:12.949Z,3373566.5155825703
2023-08-13T17:10:17.021Z,3373512.2034798455
2023-08-13T18:14:30.796Z,3372266.522055181
2023-08-13T19:09:22.596Z,3372380.387257177
2023-08-13T20:12:07.650Z,3369733.0697597545
2023-08-13T21:10:16.934Z,3369485.0676521817
2023-08-13T22:11:01.809Z,3370535.5397224324
2023-08-13T23:11:49.810Z,3351477.356594873
2023-08-14T00:57:19.294Z,3350671.705781975
2023-08-14T01:49:02.781Z,3350751.853527639
2023-08-14T02:17:52.337Z,3350565.403733985
2023-08-14T03:13:01.411Z,3349993.29639316
2023-08-14T04:15:16.507Z,3349324.8442511694
2023-08-14T05:12:15.106Z,3349354.3389670653
2023-08-14T06:16:48.554Z,3349894.008287767
2023-08-14T07:12:25.786Z,3350630.5322456975
2023-08-14T08:16:45.725Z,3350954.4822646272
2023-08-14T09:12:52.965Z,3351520.5942718918
2023-08-14T10:13:41.483Z,3344645.4698851067
2023-08-14T11:10:37.188Z,3344672.8524256926
2023-08-14T12:25:16.346Z,3345055.0783700435
2023-08-14T13:15:28.613Z,3348177.864748127
2023-08-14T14:12:01.553Z,3348730.710951784
2023-08-14T15:12:00.122Z,3348697.2982104053
2023-08-14T16:14:51.709Z,3348563.718672669
2023-08-14T17:12:05.612Z,3347595.3805577517
2023-08-14T18:15:42.803Z,3349206.000178317
2023-08-14T19:10:24.835Z,3349038.059219618
2023-08-14T20:13:21.680Z,3348986.0170465475
2023-08-14T21:11:12.380Z,3349440.525651835
2023-08-14T22:12:02.267Z,3348753.737876715
2023-08-14T23:12:03.137Z,3349831.0464697406
2023-08-15T00:56:21.309Z,3347896.4754040837
2023-08-15T01:46:46.142Z,3348625.0384600274
2023-08-15T02:17:03.655Z,3349010.854633735
2023-08-15T03:12:59.338Z,3348285.085009096
2023-08-15T04:15:06.454Z,3348825.4230564404
2023-08-15T05:11:59.981Z,3349329.6077239346
2023-08-15T06:16:23.436Z,3349675.434873986
2023-08-15T07:12:05.242Z,3345738.5225538523
2023-08-15T08:16:11.567Z,3346611.8006671653
2023-08-15T09:12:17.056Z,3346477.4627945246
2023-08-15T10:13:20.199Z,3345687.949721778
2023-08-15T11:10:27.251Z,3345398.5661195223
2023-08-15T12:24:17.025Z,3343714.2251655846
2023-08-15T13:14:49.599Z,3343526.811580409
2023-08-15T14:11:37.921Z,3344559.320329516
2023-08-15T15:12:22.469Z,3351935.7072667927
2023-08-15T16:16:24.598Z,3353413.13476472
2023-08-15T17:11:14.614Z,3354082.905540034
2023-08-15T18:15:20.454Z,3351706.0549076926
2023-08-15T19:10:06.598Z,3348320.436768455
2023-08-15T20:13:30.454Z,3351491.6477937154
2023-08-15T21:11:15.294Z,3351492.369662897
2023-08-15T22:11:56.690Z,3350200.2906424645
2023-08-15T23:12:05.793Z,3349927.7235447657
2023-08-16T00:56:13.319Z,3348732.511060073
2023-08-16T01:45:31.260Z,3349493.285251559
2023-08-16T02:17:14.001Z,3349851.3376457957
2023-08-16T03:13:22.019Z,3349635.664832064
2023-08-16T04:15:32.735Z,3349388.898002298
2023-08-16T05:12:14.127Z,3346233.880591517
2023-08-16T06:16:27.636Z,3339782.1201861957
2023-08-16T07:12:17.293Z,3340005.1051060203
2023-08-16T08:16:13.503Z,3339921.242600088
2023-08-16T09:12:32.876Z,3339708.2109907684
2023-08-16T10:13:25.293Z,3339178.400039041
2023-08-16T11:10:43.007Z,3339057.2166575994
2023-08-16T12:24:28.575Z,3339092.668153683
2023-08-16T13:15:29.325Z,3338441.3716141414
2023-08-16T14:11:44.566Z,3337337.8830936383
2023-08-16T15:13:17.358Z,3336463.7741280477
2023-08-16T16:16:30.897Z,3335018.0104240794
2023-08-16T17:11:27.362Z,3334872.472715472
2023-08-16T18:15:41.352Z,3332233.8191692024
2023-08-16T19:10:10.730Z,3333650.4191539036
2023-08-16T20:12:56.082Z,3333471.07149113
2023-08-16T21:10:58.774Z,3336807.847966761
2023-08-16T22:12:10.442Z,3336075.379605337
2023-08-16T23:12:29.235Z,3337513.0898027583
2023-08-17T00:55:25.521Z,3338039.4741165573
2023-08-17T01:41:57.264Z,3339702.883533293
2023-08-17T02:15:53.552Z,3338710.450069685
2023-08-17T03:12:57.736Z,3337310.857699399
2023-08-17T04:15:03.810Z,3335845.6514392346
2023-08-17T05:12:09.883Z,3335295.6165577867
2023-08-17T06:16:33.370Z,3333862.2033498674
2023-08-17T07:11:40.193Z,3333517.416588853
2023-08-17T08:15:40.082Z,3332292.6853195718
2023-08-17T09:12:18.087Z,3333143.57987489
2023-08-17T10:13:02.730Z,3323907.1986444523
2023-08-17T11:10:25.187Z,3322254.5594244665
2023-08-17T12:23:56.051Z,3321536.2922353274
2023-08-17T13:14:36.848Z,3321602.0987014114
2023-08-17T14:11:40.280Z,3320685.297749658
2023-08-17T15:12:39.589Z,3326656.5068361573
2023-08-17T16:16:31.288Z,3334674.349704963
2023-08-17T17:11:10.228Z,3316783.192408986
2023-08-17T18:16:12.723Z,3329245.822731362
2023-08-17T19:10:28.460Z,3330736.006200159
2023-08-17T20:13:32.032Z,3331393.0713955816
2023-08-17T21:11:11.436Z,3336174.2718255008
2023-08-17T22:11:52.298Z,3323012.5957096014
2023-08-17T23:12:26.703Z,3302894.3698682925
2023-08-18T00:55:55.605Z,3305973.507418164
2023-08-18T01:44:06.448Z,3310030.653381513
2023-08-18T02:17:09.602Z,3308526.01438609
2023-08-18T03:13:06.889Z,3314284.577642526
2023-08-18T04:15:19.839Z,3317108.1119834925
2023-08-18T05:11:50.588Z,3319691.521091955
2023-08-18T06:16:34.827Z,3317290.443791001
2023-08-18T07:11:35.567Z,3311817.833499835
2023-08-18T08:15:43.696Z,3310712.8139246255
2023-08-18T09:12:28.986Z,3317301.4816540093
2023-08-18T10:13:14.037Z,3317076.7365441197
2023-08-18T11:10:23.416Z,3317063.8158781687
2023-08-18T12:23:48.228Z,3318017.0156550966
2023-08-18T13:14:59.711Z,3319771.928981083
2023-08-18T14:11:25.314Z,3324175.8252527905
2023-08-18T15:12:49.967Z,3321398.1521127163
2023-08-18T16:16:37.852Z,3321888.3600404435
2023-08-18T17:11:11.341Z,3321737.0631698235
2023-08-18T18:15:19.507Z,3313690.971052384
2023-08-18T19:10:22.892Z,3313672.2405312266
2023-08-18T20:12:53.118Z,3314279.5313631734
2023-08-18T21:10:47.289Z,3314970.0800854675
2023-08-18T22:11:37.114Z,3311147.588728386
2023-08-18T23:12:03.977Z,3312033.1432860573
2023-08-19T00:54:28.933Z,3300830.427998089
2023-08-19T01:40:19.410Z,3295992.717708914
2023-08-19T02:14:17.037Z,3293561.8607492526
2023-08-19T03:13:26.977Z,3294256.5770027884
2023-08-19T04:14:29.963Z,3294037.900707175
2023-08-19T05:11:09.708Z,3294141.970296623
2023-08-19T06:14:58.542Z,3294015.524540269
2023-08-19T07:10:59.244Z,3291500.974154769
2023-08-19T08:14:06.793Z,3290107.1341246734
2023-08-19T09:10:47.948Z,3290357.543074337
2023-08-19T10:12:12.295Z,3289302.7865326954
2023-08-19T11:09:27.932Z,3290155.5651514013
2023-08-19T12:21:23.156Z,3290708.737405528
2023-08-19T13:14:10.597Z,3289684.157704786
2023-08-19T14:10:07.889Z,3290132.4713856434
2023-08-19T15:11:23.480Z,3289687.450031058
2023-08-19T16:14:28.512Z,3284589.3133789035
2023-08-19T17:10:20.800Z,3280014.5772578553
2023-08-19T18:14:02.634Z,3281357.578164931
2023-08-19T19:09:05.211Z,3279431.669830901
2023-08-19T19:50:17.543Z,3281334.4358190726
2023-08-19T20:12:04.546Z,3281146.577526959
2023-08-19T21:09:51.916Z,3282030.2208185717
2023-08-19T22:11:08.354Z,3282650.297087584
2023-08-19T23:11:40.401Z,3283885.9182855203
2023-08-20T00:58:39.192Z,3284928.74113805
2023-08-20T01:51:19.756Z,3285359.529782557
2023-08-20T02:16:40.623Z,3285629.0988666336
2023-08-20T03:12:57.537Z,3285844.510655885
2023-08-20T04:14:36.574Z,3283778.222724943
2023-08-20T05:11:24.619Z,3283362.1593612665
2023-08-20T06:15:12.644Z,3283336.724010534
2023-08-20T07:10:44.789Z,3283923.0219930545
2023-08-20T08:14:19.533Z,3284108.0233157915
2023-08-20T09:14:16.148Z,3283238.2385255713
2023-08-20T10:12:05.415Z,3279514.560490057
2023-08-20T11:09:28.990Z,3278393.442021657
2023-08-20T12:21:34.779Z,3281103.496526967
2023-08-20T13:13:03.644Z,3280269.841214945
2023-08-20T14:10:05.905Z,3278477.0085575646
2023-08-20T15:11:37.619Z,3279438.9621823933
2023-08-20T16:14:59.237Z,3278644.07810879
2023-08-20T17:10:06.845Z,3280839.884538405
2023-08-20T18:14:13.732Z,3280176.0715635824
2023-08-20T19:10:20.751Z,3276716.6746308478
2023-08-20T20:12:14.985Z,3276871.1324209156
2023-08-20T21:10:12.738Z,3272403.94586329
2023-08-20T22:11:01.622Z,3274499.754802736
2023-08-20T23:11:43.693Z,3274188.2507973886
2023-08-21T00:56:31.137Z,3273560.5091745285
2023-08-21T01:46:15.726Z,3272909.801784866
2023-08-21T02:17:10.964Z,3273141.0557376244
2023-08-21T03:13:19.840Z,3273573.547476101
2023-08-21T04:15:18.896Z,3271287.102346672
2023-08-21T05:12:15.897Z,3270951.606987419
2023-08-21T06:16:57.632Z,3269939.3276100974
2023-08-21T07:12:03.390Z,3275235.371592596
2023-08-21T08:17:10.349Z,3275352.877291919
2023-08-21T09:13:14.663Z,3278723.792663911
2023-08-21T10:13:48.907Z,3279207.3925175136
2023-08-21T11:10:38.896Z,3281368.066586865
2023-08-21T12:24:58.370Z,3280102.194053569
2023-08-21T13:16:06.490Z,3280398.3500719857
2023-08-21T14:12:15.877Z,3278342.4865560806
2023-08-21T15:13:05.530Z,3278566.449908442
2023-08-21T16:16:42.838Z,3283120.5350946914
2023-08-21T17:11:14.901Z,3280574.428915199
2023-08-21T18:14:39.236Z,3280570.947141498
2023-08-21T19:10:12.314Z,3279411.673696772
2023-08-21T20:13:24.615Z,3284283.7189148786
2023-08-21T21:11:17.236Z,3285940.069497186
2023-08-21T22:11:48.212Z,3281896.115484124
2023-08-21T23:12:38.292Z,3282106.5444486476
2023-08-22T00:57:03.478Z,3286484.2002553693
2023-08-22T01:49:28.255Z,3286842.157891117
2023-08-22T02:17:41.730Z,3286904.98603988
2023-08-22T03:13:14.130Z,3294067.1992870253
2023-08-22T04:15:21.695Z,3294884.67000154
2023-08-22T05:11:56.258Z,3292579.321369512
2023-08-22T06:16:50.485Z,3293796.379073863
2023-08-22T07:11:57.005Z,3292860.267770284
2023-08-22T08:16:31.439Z,3293881.683974783
2023-08-22T09:12:33.337Z,3294139.8213787586
2023-08-22T10:13:49.773Z,3294006.9852087027
2023-08-22T11:10:37.799Z,3293804.036319926
2023-08-22T12:24:59.542Z,3292506.1764171883
2023-08-22T13:15:54.028Z,3293959.337390561
2023-08-22T14:12:02.906Z,3295483.7560684495
2023-08-22T15:13:26.078Z,3298436.406025532
2023-08-22T16:16:28.827Z,3300331.169586437
2023-08-22T17:11:36.868Z,3301563.1395326117
2023-08-22T18:15:55.151Z,3305462.720748683
2023-08-22T19:10:13.235Z,3299007.1319998675
2023-08-22T20:13:20.743Z,3309299.683632832
2023-08-22T21:11:04.545Z,3311501.948849007
2023-08-22T22:11:43.390Z,3318567.6193133136
2023-08-22T23:12:14.839Z,3313876.7946898676
2023-08-23T00:56:17.456Z,3307601.9589662733
2023-08-23T01:45:33.117Z,3307107.6041790196
2023-08-23T03:13:30.749Z,3305435.367267466
2023-08-23T04:15:09.308Z,3300544.1903311308
2023-08-23T05:11:36.093Z,3299046.8225025064
2023-08-23T06:16:54.267Z,3300642.085372253
2023-08-23T07:11:55.683Z,3296429.296217364
2023-08-23T08:16:31.693Z,3296977.5216105096
2023-08-23T09:12:33.816Z,3298453.0177720087
2023-08-23T10:13:27.578Z,3297964.1096840557
2023-08-23T11:10:24.840Z,3298163.093190297
2023-08-23T12:25:06.574Z,3296806.880060786
2023-08-23T13:15:46.552Z,3299740.7434037765
2023-08-23T14:11:50.299Z,3299722.0977935367
2023-08-23T15:13:06.296Z,3295382.249145745
2023-08-23T16:16:31.664Z,3292785.475481532
2023-08-23T17:10:51.592Z,3268190.2785895825
2023-08-23T18:14:12.644Z,3266864.78541352
2023-08-23T19:09:55.265Z,3267045.5811279076
2023-08-23T20:12:51.406Z,3265032.3142735674
2023-08-23T21:11:15.353Z,3268038.809530295
2023-08-23T22:11:40.617Z,3269817.7697329107
2023-08-23T23:12:53.632Z,3267985.558527009
2023-08-24T00:56:07.449Z,3268624.385508887
2023-08-24T01:45:26.144Z,3270558.810821775
2023-08-24T02:17:39.254Z,3270062.9975553425
2023-08-24T03:13:20.830Z,3269837.0508311735
2023-08-24T04:14:57.675Z,3269988.887597094
2023-08-24T05:12:00.724Z,3268519.764806372
2023-08-24T06:16:42.112Z,3267962.796860465
2023-08-24T07:12:00.359Z,3267191.5556316758
2023-08-24T08:16:17.057Z,3261206.617159667
2023-08-24T09:12:33.584Z,3261501.1434319546
2023-08-24T10:13:30.915Z,3263803.608590125
2023-08-24T11:10:35.621Z,3264223.0797424023
2023-08-24T12:27:19.941Z,3261869.3695304464
2023-08-24T13:16:05.693Z,3263347.532039328
2023-08-24T14:11:58.083Z,3263645.030672348
2023-08-24T15:13:15.276Z,3266478.1604419155
2023-08-24T16:16:40.531Z,3265006.097903491
2023-08-24T17:11:39.481Z,3264516.324537335
2023-08-24T18:16:01.853Z,3264981.8094631988
2023-08-24T19:10:23.941Z,3265420.3406803445
2023-08-24T20:13:27.861Z,3263909.0011841133
2023-08-24T21:11:02.785Z,3263329.475862738
2023-08-24T22:11:56.440Z,3260363.8161488497
2023-08-24T23:12:45.344Z,3260323.242460164
2023-08-25T00:57:31.495Z,3259117.6890985956
2023-08-25T01:50:51.828Z,3258985.6426681075
2023-08-25T02:18:51.338Z,3257451.6685498008
2023-08-25T03:13:32.509Z,3257712.2472150633
2023-08-25T04:15:27.963Z,3258258.171348407
2023-08-25T05:11:44.774Z,3259024.514698114
2023-08-25T06:16:49.332Z,3258213.407931286
2023-08-25T07:12:01.907Z,3258538.671689974
2023-08-25T08:16:09.132Z,3257590.751286666
2023-08-25T09:12:26.575Z,3261260.522062843
2023-08-25T10:13:27.718Z,3261996.675542725
2023-08-25T11:10:36.064Z,3262666.39376136
2023-08-25T12:24:37.246Z,3262086.338704537
2023-08-25T13:15:15.836Z,3263193.79462372
2023-08-25T14:11:39.799Z,3265280.7523741745
2023-08-25T15:13:10.850Z,3271721.2800999186
2023-08-25T16:16:38.066Z,3271384.034493558
2023-08-25T17:11:23.232Z,3270183.338415703
2023-08-25T18:15:52.859Z,3271142.9212766537
2023-08-25T19:10:23.093Z,3272381.642844004
2023-08-25T20:13:13.181Z,3272385.2292213202
2023-08-25T21:11:02.328Z,3270661.4547557947
2023-08-25T22:12:06.084Z,3269898.7675856114
2023-08-25T23:13:04.366Z,3268416.6646383563
2023-08-26T00:55:16.872Z,3268642.4997728234
2023-08-26T01:42:20.924Z,3267826.512807318
2023-08-26T02:15:45.346Z,3268182.315438558
2023-08-26T03:12:55.769Z,3264706.324810776
2023-08-26T04:14:40.730Z,3264613.752024875
2023-08-26T05:11:19.371Z,3264597.2404497396
2023-08-26T06:15:36.312Z,3263187.794388479
2023-08-26T07:10:40.429Z,3263310.121430849
2023-08-26T08:14:35.248Z,3263394.210632094
2023-08-26T09:11:16.532Z,3262713.200145278
2023-08-26T10:12:52.940Z,3263127.197299836
2023-08-26T12:21:45.364Z,3262290.1343438625
2023-08-26T13:13:48.290Z,3263365.4239814393
2023-08-26T14:10:33.626Z,3264612.0266031693
2023-08-26T15:12:21.939Z,3263551.8662219103
2023-08-26T16:14:56.066Z,3263396.1310143187
2023-08-26T17:10:43.977Z,3263956.4252939164
2023-08-26T18:14:51.805Z,3263981.3369674464
2023-08-26T19:09:20.229Z,3261635.978643572
2023-08-26T20:12:11.128Z,3261427.7084960886
2023-08-26T21:10:09.937Z,3261465.6889131353
2023-08-26T22:11:04.777Z,3261649.1296357196
2023-08-26T23:12:10.905Z,3261590.132341646
2023-08-27T01:00:25.480Z,3265491.372634017
2023-08-27T01:54:36.303Z,3265633.7682206873
2023-08-27T02:18:55.960Z,3264761.4575889544
2023-08-27T03:13:06.421Z,3264532.199449064
2023-08-27T04:14:46.283Z,3263613.201782535
2023-08-27T05:11:31.137Z,3262495.9887377345
2023-08-27T06:16:04.917Z,3260812.829065392
2023-08-27T07:10:49.263Z,3251947.7332053175
2023-08-27T08:14:52.466Z,3261689.927471805
2023-08-27T09:11:42.045Z,3260910.510928941
2023-08-27T10:12:28.680Z,3260217.6565573206
2023-08-27T11:09:40.397Z,3259855.017826326
2023-08-27T12:22:17.499Z,3258763.424865238
2023-08-27T13:13:35.912Z,3258956.820193313
2023-08-27T14:10:39.564Z,3262602.789163568
2023-08-27T15:11:33.035Z,3261902.6896342994
2023-08-27T16:15:02.631Z,3262742.8987270356
2023-08-27T17:10:23.304Z,3262936.3254355085
2023-08-27T18:14:54.470Z,3262975.113929067
2023-08-27T19:09:56.976Z,3245367.5059781508
2023-08-27T20:12:20.364Z,3245092.7881261893
2023-08-27T21:10:36.039Z,3244581.75924915
2023-08-27T22:11:06.893Z,3244167.57081127
2023-08-27T23:11:48.795Z,3241563.5441420665
2023-08-28T00:58:18.348Z,3239882.8311256724
2023-08-28T01:52:02.420Z,3240323.029258067
2023-08-28T02:18:57.611Z,3240455.013946151
2023-08-28T03:13:25.722Z,3241120.9952008254
2023-08-28T04:15:35.681Z,3241470.6290210215
2023-08-28T05:12:40.810Z,3247499.020006097
2023-08-28T06:17:15.925Z,3251502.2033198145
2023-08-28T07:12:31.651Z,3253202.2753726337
2023-08-28T08:16:57.149Z,3252426.139319901
2023-08-28T09:13:29.710Z,3256956.9390840842
2023-08-28T10:14:11.515Z,3260354.9687250336
2023-08-28T11:10:55.196Z,3261724.571361038
2023-08-28T12:25:59.043Z,3258964.5855599274
2023-08-28T13:16:23.623Z,3259027.9864761177
2023-08-28T14:11:10.281Z,3264215.471582472
2023-08-28T15:13:33.855Z,3262282.0472006984
2023-08-28T16:16:48.200Z,3263643.6288983766
2023-08-28T17:11:28.038Z,3261526.1671806807
2023-08-28T18:16:29.791Z,3263278.5619506817
2023-08-28T19:10:30.031Z,3263309.6173418467
2023-08-28T20:13:46.974Z,3263267.019512476
2023-08-28T21:11:11.792Z,3264459.800458055
2023-08-28T22:12:00.184Z,3260068.6161401295
2023-08-28T23:12:47.041Z,3219531.498262224
2023-08-29T00:58:04.474Z,3215506.2325751204
2023-08-29T02:06:35.365Z,3214184.865951809
2023-08-29T02:48:22.906Z,3214156.495484436
2023-08-29T03:14:15.870Z,3215061.6807710356
2023-08-29T04:15:21.250Z,3212803.307934772
2023-08-29T05:12:08.896Z,3212713.579693087
2023-08-29T06:17:10.735Z,3212903.8569918014
2023-08-29T07:12:09.436Z,3211180.785619563
2023-08-29T08:17:02.241Z,3210077.757963208
2023-08-29T09:13:11.069Z,3191873.936815955
2023-08-29T10:14:13.915Z,3191887.9053449454
2023-08-29T11:10:45.534Z,3190722.577349923
2023-08-29T12:25:36.677Z,3193351.3168276893
2023-08-29T13:16:53.857Z,3194710.600923557
2023-08-29T14:11:57.763Z,3191063.702923397
2023-08-29T15:13:28.905Z,3154967.3310276438
2023-08-29T16:16:58.665Z,3154103.275812718
2023-08-29T17:11:57.912Z,3150895.2936678315
2023-08-29T18:16:36.035Z,3149055.3597408617
2023-08-29T19:10:29.076Z,3148191.8375372095
2023-08-29T20:13:52.782Z,3149045.9918416436
2023-08-29T21:11:18.963Z,3147848.8709360952
2023-08-29T22:13:41.164Z,3146884.1907123453
2023-08-29T23:11:23.767Z,3149808.961341771
2023-08-30T00:57:39.995Z,3153137.2852125806
2023-08-30T01:50:19.483Z,3155277.199097159
2023-08-30T02:18:17.748Z,3155234.1196397254
2023-08-30T03:13:34.283Z,3154795.0111262677
2023-08-30T04:15:32.347Z,3154798.471845432
2023-08-30T05:12:19.936Z,3153663.3437193334
2023-08-30T06:16:59.520Z,3153336.3622896136
2023-08-30T07:12:16.766Z,3152428.856298592
2023-08-30T08:16:53.382Z,3154534.7863093554
2023-08-30T09:12:42.965Z,3156295.092634534
2023-08-30T10:13:46.256Z,3156189.606516686
2023-08-30T11:10:48.275Z,3155610.006662443
2023-08-30T12:25:30.337Z,3153535.179006044
2023-08-30T13:16:23.533Z,3158542.4048846373
2023-08-30T14:11:46.891Z,3158603.3082920113
2023-08-30T15:13:40.685Z,3159809.149111183
2023-08-30T16:16:48.108Z,3158308.3730994137
2023-08-30T17:11:35.023Z,3158720.9252237426
2023-08-30T18:16:28.356Z,3155462.7674543597
2023-08-30T19:10:37.977Z,3154704.2493896526
2023-08-30T20:13:55.190Z,3155810.0281860526
2023-08-30T21:12:15.354Z,3155411.009934272
2023-08-30T22:12:06.838Z,3154847.211659564
2023-08-30T23:12:48.871Z,3155435.926661516
2023-08-31T00:57:48.478Z,3154914.6785093024
2023-08-31T01:51:28.900Z,3153274.434432922
2023-08-31T02:18:42.809Z,3152743.8759955773
2023-08-31T03:13:17.871Z,3152412.2546467083
2023-08-31T04:15:29.881Z,3151762.4148662253
2023-08-31T05:12:10.892Z,3150834.9519048976
2023-08-31T06:17:09.033Z,3150188.8063869774
2023-08-31T07:12:18.960Z,3146605.982954506
2023-08-31T08:17:12.618Z,3135557.3770124977
2023-08-31T09:13:05.686Z,3134961.3902162565
2023-08-31T10:13:58.097Z,3138259.7869775696
2023-08-31T11:10:45.740Z,3135098.6297102096
2023-08-31T12:25:29.244Z,3130702.723980362
2023-08-31T13:16:19.420Z,3136753.7408812093
2023-08-31T14:12:30.651Z,3138080.7475160337
2023-08-31T15:13:41.116Z,3136731.6223401665
2023-08-31T16:17:06.795Z,3141619.548666455
2023-08-31T17:11:51.612Z,3149187.0576906824
2023-08-31T18:16:28.018Z,3158207.1284192153
2023-08-31T19:09:11.920Z,3160755.7223125105
2023-08-31T20:13:44.637Z,3160710.886249526
2023-08-31T21:11:17.700Z,3162677.6791229323
2023-08-31T22:12:01.646Z,3159947.3638166203
2023-08-31T23:13:01.749Z,3160830.172456178
2023-09-01T01:01:29.398Z,3159117.1681211423
2023-09-01T02:22:53.052Z,3159946.4973468385
2023-09-01T03:13:41.545Z,3159920.9751556492
2023-09-01T04:15:52.222Z,3161548.6884868364
2023-09-01T05:12:22.574Z,3162608.636661286
2023-09-01T06:17:21.671Z,3162333.967782744
2023-09-01T07:12:15.093Z,3162711.455950437
2023-09-01T08:16:29.987Z,3158065.3003547303
2023-09-01T09:13:00.434Z,3159517.0427082474
2023-09-01T10:13:48.566Z,3159373.7450764766
2023-09-01T11:11:11.617Z,3158759.8931331486
2023-09-01T12:24:50.798Z,3160756.5342899305
2023-09-01T13:15:48.238Z,3165280.7931316313
2023-09-01T14:12:04.156Z,3162797.0371311298
2023-09-01T15:13:09.848Z,3166117.921342593
2023-09-01T16:16:48.818Z,3163914.5441843565
2023-09-01T17:11:55.227Z,3160392.386375261
2023-09-01T18:14:53.061Z,3166527.8309838134
2023-09-01T19:10:26.689Z,3162393.185859479
2023-09-01T20:13:28.914Z,3160841.34019894
2023-09-01T21:11:17.044Z,3156276.3708628314
2023-09-01T22:11:51.853Z,3156101.395113402
2023-09-01T23:12:12.874Z,3156425.4725397658
2023-09-02T15:46:01.061Z,3150695.460842895
2023-09-02T16:15:09.107Z,3151850.7824324323
2023-09-02T17:10:33.056Z,3152007.5128645534
2023-09-02T18:14:56.182Z,3149918.858403689
2023-09-02T19:09:39.976Z,3151372.2218287145
2023-09-02T20:12:29.146Z,3151520.300387987
2023-09-02T21:10:30.582Z,3149468.830841109
2023-09-02T22:11:05.473Z,3149092.0233103572
2023-09-02T23:11:48.411Z,3149294.9180610557
2023-09-03T01:00:37.158Z,3149886.7864873903
2023-09-03T01:55:05.322Z,3149590.5190208904
2023-09-03T02:19:29.055Z,3150319.8332640813
2023-09-03T03:13:00.127Z,3149077.82547858
2023-09-03T04:14:49.935Z,3150060.6389532764
2023-09-03T05:11:54.301Z,3149827.3653631597
2023-09-03T06:16:12.414Z,3148939.448877137
2023-09-03T07:11:05.494Z,3149080.2285216227
2023-09-03T08:14:57.862Z,3148202.955000143
2023-09-03T09:11:36.842Z,3149217.7876188615
2023-09-03T10:12:34.754Z,3149564.69542065
2023-09-03T11:09:59.183Z,3148654.436373578
2023-09-03T12:22:36.614Z,3148235.5369908577
2023-09-03T13:13:54.526Z,3152517.0984678506
2023-09-03T14:10:44.712Z,3149975.9765251614
2023-09-03T15:12:15.711Z,3149583.9981861175
2023-09-03T16:15:23.884Z,3151911.057918145
2023-09-03T17:11:34.364Z,3154625.589947702
2023-09-03T18:14:53.869Z,3153736.7559324433
2023-09-03T19:09:51.453Z,3150137.8482835726
2023-09-03T20:12:39.554Z,3149004.8154982617
2023-09-03T21:10:29.338Z,3146462.8728803936
2023-09-03T22:11:42.080Z,3148853.211539236
2023-09-03T23:12:22.011Z,3149478.884975166
2023-09-04T00:58:29.414Z,3150243.383485204
2023-09-04T01:52:50.033Z,3152657.4156529307
2023-09-04T02:19:16.571Z,3153243.4736936577
2023-09-04T03:13:20.065Z,3152867.0912557994
2023-09-04T04:15:53.936Z,3164137.3184780083
2023-09-04T05:12:43.075Z,3148268.8154372335
2023-09-04T06:17:35.478Z,3148168.5978369634
2023-09-04T07:12:48.634Z,3150611.3723319056
2023-09-04T08:17:37.172Z,3150338.8193704817
2023-09-04T09:13:41.295Z,3151843.628689913
2023-09-04T10:14:14.237Z,3151065.6403194065
2023-09-04T11:11:17.728Z,3150788.793377107
2023-09-04T12:25:31.824Z,3153229.9061945053
2023-09-04T13:16:41.398Z,3150311.528935091
2023-09-04T15:13:08.484Z,3153390.4230345096
2023-09-04T16:16:38.927Z,3153097.67699294
2023-09-04T17:11:37.533Z,3153654.4224042734
2023-09-04T18:15:37.588Z,3151146.63552118
2023-09-04T19:10:12.514Z,3151622.7961083455
2023-09-04T20:12:57.329Z,3152088.032462571
2023-09-04T21:11:02.221Z,3152005.6615786394
2023-09-04T22:11:44.229Z,3152647.8812292144
2023-09-04T23:12:18.564Z,3152624.879527992
2023-09-05T00:56:42.092Z,3150746.9994882843
2023-09-05T01:48:26.099Z,3150905.219496508
2023-09-05T02:18:02.795Z,3151206.1067781607
2023-09-05T03:13:50.200Z,3152568.5420480086
2023-09-05T05:12:27.472Z,3150831.8929388626
2023-09-05T06:16:59.500Z,3149964.1451459075
2023-09-05T07:12:06.037Z,3149893.5471936837
2023-09-05T08:16:54.486Z,3149391.7401496535
2023-09-05T09:13:15.118Z,3143413.999708365
2023-09-05T10:13:56.945Z,3140558.205458524
2023-09-05T11:11:02.043Z,3140350.217347676
2023-09-05T12:25:19.946Z,3142414.1989137516
2023-09-05T13:16:53.302Z,3143818.633985994
2023-09-05T14:12:15.679Z,3143796.217329565
2023-09-05T15:13:39.917Z,3144002.7381406357
2023-09-05T16:17:04.396Z,3144529.711496166
2023-09-05T17:12:01.332Z,3146455.283919139
2023-09-05T18:16:38.623Z,3146087.8179790243
2023-09-05T19:10:38.610Z,3145923.9898736775
2023-09-05T20:13:53.237Z,3147332.9170718966
2023-09-05T21:11:15.275Z,3147856.6695377473
2023-09-05T22:12:14.117Z,3143756.105709211
2023-09-05T23:12:41.729Z,3144372.7350782496
2023-09-06T00:57:58.460Z,3142978.1929299375
2023-09-06T01:50:54.210Z,3143332.4969741735
2023-09-06T02:18:29.501Z,3143626.7391925077
2023-09-06T03:13:27.576Z,3142011.4034822374
2023-09-06T04:15:43.242Z,3142490.8724896507
2023-09-06T05:12:34.255Z,3143463.6946906303
2023-09-06T06:17:14.011Z,3145612.702557387
2023-09-06T07:12:20.641Z,3145975.490236229
2023-09-06T08:16:48.633Z,3145267.4541929215
2023-09-06T09:13:11.306Z,3144788.4432629636
2023-09-06T10:14:09.573Z,3143586.0028866394
2023-09-06T11:10:57.167Z,3152063.531975359
2023-09-06T12:26:16.397Z,3150682.25316978
2023-09-06T13:16:58.562Z,3152061.478450073
2023-09-06T14:12:36.559Z,3153810.1448054775
2023-09-06T15:15:01.855Z,3155090.370189343
2023-09-06T16:17:26.322Z,3154832.175082483
2023-09-06T17:11:44.946Z,3156681.921372627
2023-09-06T18:16:42.995Z,3140291.8187376186
2023-09-06T19:10:44.352Z,3136536.548321317
2023-09-06T20:13:35.848Z,3139656.729484968
2023-09-06T21:11:14.660Z,3142083.486006454
2023-09-06T22:11:44.156Z,3142197.0273737498
2023-09-06T23:12:26.789Z,3142713.3715333617
2023-09-07T00:57:08.691Z,3142243.872335659
2023-09-07T01:50:23.603Z,3143855.6886864346
2023-09-07T02:18:26.357Z,3140968.7334362017
2023-09-07T03:13:22.304Z,3127039.9887695233
2023-09-07T04:16:05.852Z,3107096.782681609
2023-09-07T05:12:30.618Z,3106874.0640330715
2023-09-07T06:16:52.203Z,3105694.933462856
2023-09-07T07:12:08.013Z,3106122.4343784098
2023-09-07T08:16:47.787Z,3105454.9302431606
2023-09-07T09:13:08.736Z,3104199.7132537086
2023-09-07T10:13:51.208Z,3104344.4026003196
2023-09-07T11:11:34.112Z,3105143.4464853746
2023-09-07T12:25:31.849Z,3108003.518061395
2023-09-07T13:16:13.698Z,3114073.2847552584
2023-09-07T14:12:30.179Z,3111997.844184484
2023-09-07T15:13:28.240Z,3111617.6504346747
2023-09-07T16:17:09.715Z,3124767.1267145993
2023-09-07T17:11:30.229Z,3123866.3959264755
2023-09-07T18:16:26.139Z,3123557.457898106
2023-09-07T19:10:42.522Z,3124741.968909046
2023-09-07T20:13:33.869Z,3123904.9468594827
2023-09-07T21:11:39.212Z,3122521.674998376
2023-09-07T22:12:09.390Z,3120250.516450758
2023-09-07T23:13:04.123Z,3119769.365808592
2023-09-08T00:57:28.378Z,3118668.713665018
2023-09-08T01:51:06.106Z,3119544.5742003196
2023-09-08T02:18:54.507Z,3119986.481131476
2023-09-08T03:13:03.971Z,3120468.4760389524
2023-09-08T04:15:42.718Z,3120545.753849519
2023-09-08T05:12:23.189Z,3121554.8998185345
2023-09-08T06:17:10.022Z,3120957.561663485
2023-09-08T07:12:20.067Z,3121373.2071877653
2023-09-08T08:16:21.143Z,3121866.5805080263
2023-09-08T09:12:45.782Z,3121584.3983370434
2023-09-08T10:13:46.791Z,3124875.2281395653
2023-09-08T11:11:02.705Z,3115835.85934871
2023-09-08T12:24:50.471Z,3114571.3902777554
2023-09-08T13:15:48.249Z,3117649.32698088
2023-09-08T14:12:24.984Z,3120805.4396650395
2023-09-08T15:11:19.480Z,3121013.7576528117
2023-09-08T16:16:33.710Z,3119907.2311800937
2023-09-08T17:11:28.550Z,3120085.830583403
2023-09-08T18:16:13.617Z,3118816.6071039424
2023-09-08T19:10:19.296Z,3117283.555998825
2023-09-08T20:13:20.341Z,3114696.609950987
2023-09-08T21:11:12.006Z,3115523.5317742038
2023-09-08T22:11:52.101Z,3115363.7285897043
2023-09-08T23:12:37.770Z,3116027.150937586
2023-09-09T00:56:15.739Z,3115678.372719752
2023-09-09T01:43:25.652Z,3117385.22074652
2023-09-09T02:16:22.850Z,3115949.1837131972
2023-09-09T03:13:01.366Z,3116228.1693980033
2023-09-09T04:14:47.573Z,3116573.811027821
2023-09-09T05:11:35.001Z,3116098.778698169
2023-09-09T06:15:23.188Z,3116670.1900076047
2023-09-09T07:11:14.459Z,3117031.983634328
2023-09-09T08:15:06.576Z,3117571.6622735756
2023-09-09T09:11:21.409Z,3114613.190472695
2023-09-09T10:12:23.007Z,3114060.611860055
2023-09-09T11:09:48.376Z,3114657.010814252
2023-09-09T12:22:17.997Z,3113051.519428486
2023-09-09T13:13:33.637Z,3117182.200448449
2023-09-09T14:10:50.015Z,3116932.8625500887
2023-09-09T15:11:45.891Z,3116954.0292995046
2023-09-09T16:15:03.378Z,3116410.3774951026
2023-09-09T17:10:35.056Z,3116432.94306261
2023-09-09T18:14:50.503Z,3116100.6604084778
2023-09-09T19:09:39.605Z,3115871.0023631137
2023-09-09T20:12:28.010Z,3116081.473668373
2023-09-09T21:10:46.165Z,3115820.5256746183
2023-09-09T22:11:13.463Z,3115758.233765332
2023-09-09T23:12:15.362Z,3115553.3992061047
2023-09-10T01:01:06.115Z,3112204.9775437647
2023-09-10T02:20:52.486Z,3115465.026435681
2023-09-10T03:13:00.324Z,3114766.2212248794
2023-09-10T04:14:56.152Z,3114726.9299656567
2023-09-10T05:11:40.644Z,3115561.2033485146
2023-09-10T06:15:43.140Z,3116056.4923979347
2023-09-10T07:11:22.489Z,3124756.79542941
2023-09-10T08:14:56.072Z,3123283.6474030497
2023-09-10T09:11:34.414Z,3125181.671175094
2023-09-10T10:12:19.006Z,3125953.888603159
2023-09-10T11:10:03.928Z,3125662.9206684837
2023-09-10T12:22:26.989Z,3125040.8360417425
2023-09-10T13:13:51.248Z,3129919.3889109646
2023-09-10T14:10:43.935Z,3132061.369441971
2023-09-10T15:11:56.782Z,3133408.227966767
2023-09-10T16:16:00.759Z,3135811.141390172
2023-09-10T17:10:49.190Z,3141560.3586726584
2023-09-10T18:14:47.650Z,3143063.8511528657
2023-09-10T19:09:54.521Z,3143192.8189961608
2023-09-10T20:12:35.515Z,3140340.4781399416
2023-09-10T21:10:40.058Z,3143661.016114984
2023-09-10T22:11:32.529Z,3141406.43162503
2023-09-10T23:12:23.220Z,3141856.3806559416
2023-09-11T00:58:15.966Z,3146211.357272524
2023-09-11T01:52:41.255Z,3146526.381285095
2023-09-11T02:19:58.429Z,3147208.891935338
2023-09-11T03:13:40.781Z,3145020.097204288
2023-09-11T04:15:50.250Z,3135261.534650337
2023-09-11T05:12:34.636Z,3135225.41813786
2023-09-11T06:17:33.933Z,3133932.945895733
2023-09-11T07:13:06.158Z,3133472.8505095327
2023-09-11T08:17:26.300Z,3133777.8460159604
2023-09-11T09:14:06.050Z,3134324.3556504864
2023-09-11T10:14:27.560Z,3142999.845292638
2023-09-11T11:11:24.169Z,3148293.12305237
2023-09-11T12:26:24.303Z,3148292.585388762
2023-09-11T13:17:10.286Z,3150629.016254836
2023-09-11T14:13:06.890Z,3149471.655244813
2023-09-11T15:13:45.692Z,3144799.6530672857
2023-09-11T16:17:31.253Z,3145611.0249286173
2023-09-11T17:12:36.684Z,3148156.906448072
2023-09-11T18:16:44.379Z,3143315.8980124327
2023-09-11T19:10:37.516Z,3142873.408526631
2023-09-11T20:12:47.560Z,3150801.7518339884
2023-09-11T21:11:18.882Z,3152323.145464781
2023-09-11T22:12:01.892Z,3151909.3190047946
2023-09-11T23:13:50.433Z,3154166.7968612337
2023-09-12T00:56:21.611Z,3151999.64197284
2023-09-12T01:47:58.676Z,3152704.6116864807
2023-09-12T02:18:14.846Z,3152177.401874458
2023-09-12T03:13:15.494Z,3153015.2072589975
2023-09-12T04:15:39.306Z,3147835.4830135005
2023-09-12T05:12:14.296Z,3148645.3683663346
2023-09-12T06:16:53.780Z,3147641.833775802
2023-09-12T07:12:14.937Z,3149280.883222908
2023-09-12T08:16:47.085Z,3150857.798338813
2023-09-12T09:13:09.945Z,3151499.816153935
2023-09-12T10:14:22.321Z,3151176.1123512425
2023-09-12T11:11:14.661Z,3136581.6661086553
2023-09-12T12:25:32.465Z,3135445.0645867046
2023-09-12T13:16:59.334Z,3136959.561733027
2023-09-12T14:12:21.204Z,3135547.2100246814
2023-09-12T15:13:44.508Z,3136353.951768032
2023-09-12T16:17:04.624Z,3136929.4039186877
2023-09-12T17:11:46.934Z,3135805.922492597
2023-09-12T18:16:34.871Z,3137106.076456672
2023-09-12T19:10:20.837Z,3137106.352374571
2023-09-12T20:14:14.235Z,3135213.436648977
2023-09-12T21:11:20.419Z,3135768.841537784
2023-09-12T22:12:04.341Z,3136052.319086386
2023-09-12T23:12:53.550Z,3135712.8283802634
2023-09-13T00:58:55.409Z,3138679.793966548
2023-09-13T01:53:18.908Z,3135448.442070537
2023-09-13T02:19:16.085Z,3135485.500828415
2023-09-13T03:13:24.248Z,3135055.367930268
2023-09-13T04:15:54.916Z,3140247.6395964744
2023-09-13T05:12:22.910Z,3140495.8676566747
2023-09-13T06:17:16.151Z,3142371.8161648824
2023-09-13T07:12:19.755Z,3143277.380922775
2023-09-13T08:17:06.663Z,3144397.672396213
2023-09-13T09:13:39.150Z,3143735.2892348985
2023-09-13T10:14:07.743Z,3142171.1006130422
2023-09-13T11:11:00.195Z,3143091.352372128
2023-09-13T12:26:20.088Z,3141448.1167123346
2023-09-13T13:16:59.536Z,3144131.4930803142
2023-09-13T14:12:26.350Z,3142751.4653227786
2023-09-13T15:13:51.114Z,3139776.6634448096
2023-09-13T16:16:42.828Z,3136642.1740250844
2023-09-13T17:11:46.698Z,3136934.252055389
2023-09-13T18:16:38.949Z,3139920.7551856423
2023-09-13T19:10:49.894Z,3140796.9958754443
2023-09-13T20:11:58.215Z,3138574.586762059
2023-09-13T21:09:50.062Z,3141380.431093922
2023-09-13T22:11:57.598Z,3140743.926261766
2023-09-13T23:12:47.100Z,3139019.538999416
2023-09-14T00:57:40.623Z,3128061.4390364946
2023-09-14T01:50:22.700Z,3122022.490437241
2023-09-14T02:18:52.470Z,3122006.170289396
2023-09-14T03:13:17.470Z,3120971.2193821105
2023-09-14T04:15:27.026Z,3120804.36973284
2023-09-14T05:12:28.223Z,3121578.1223661695
2023-09-14T06:17:35.924Z,3122296.1321114935
2023-09-14T07:12:37.722Z,3122006.8351626187
2023-09-14T08:16:44.748Z,3119072.7395939017
2023-09-14T09:13:18.072Z,3119415.934834092
2023-09-14T10:14:46.948Z,3119006.256487268
2023-09-14T11:11:30.350Z,3119237.692517292
2023-09-14T12:25:44.044Z,3118952.9589699977
2023-09-14T13:17:17.115Z,3120249.2702814005
2023-09-14T14:13:25.265Z,3121577.6198901576
2023-09-14T15:13:55.400Z,3119396.47548728
2023-09-14T16:17:04.645Z,3120399.953142982
2023-09-14T17:12:05.668Z,3120332.1109913667
2023-09-14T18:16:49.331Z,3119893.5465697125
2023-09-14T19:08:55.045Z,3118201.9178813566
2023-09-14T20:13:37.346Z,3119192.0657497016
2023-09-14T21:11:37.076Z,3119438.946257366
2023-09-14T22:12:06.598Z,3120994.22528309
2023-09-14T23:12:58.857Z,3121982.0227902955
2023-09-15T00:58:49.483Z,3124385.635654498
2023-09-15T01:53:44.962Z,3122810.9772612243
2023-09-15T02:20:55.405Z,3120918.642199138
2023-09-15T03:13:18.828Z,3120836.1922399243
2023-09-15T04:15:40.218Z,3119349.2988861077
2023-09-15T05:12:38.302Z,3119260.507189263
2023-09-15T06:17:22.773Z,3121270.0613107686
2023-09-15T07:12:06.247Z,3120603.968052133
2023-09-15T08:16:54.707Z,3121875.65700318
2023-09-15T09:13:16.277Z,3122587.65120045
2023-09-15T10:13:55.139Z,3123308.3759430726
2023-09-15T11:11:00.207Z,3122561.44916187
2023-09-15T12:25:22.655Z,3124679.2058725045
2023-09-15T13:16:16.675Z,3130296.3049505777
2023-09-15T14:12:03.843Z,3128375.8207745864
2023-09-15T15:13:14.870Z,3131109.582630282
2023-09-15T16:17:08.870Z,3131129.538690278
2023-09-15T17:11:59.176Z,3130312.3952858006
2023-09-15T18:16:40.168Z,3131134.257954731
2023-09-15T19:10:29.740Z,3131262.2064696457
2023-09-15T20:13:27.322Z,3133874.0834054695
2023-09-15T21:11:01.950Z,3134360.5478837644
2023-09-15T22:11:50.479Z,3130050.5059689935
2023-09-15T23:12:30.931Z,3122161.0248652454
2023-09-16T00:56:56.886Z,3121729.8843127447
2023-09-16T01:47:37.038Z,3122745.2304806006
2023-09-16T02:16:50.171Z,3120191.4125419543
2023-09-16T03:12:56.939Z,3122132.6390542733
2023-09-16T04:15:06.002Z,3122952.6968061877
2023-09-16T05:11:43.048Z,3123096.7809202983
2023-09-16T06:15:32.095Z,3123755.3727760073
2023-09-16T07:11:14.323Z,3123601.0603070077
2023-09-16T08:15:13.559Z,3123229.8062511417
2023-09-16T09:12:23.031Z,3124778.7072240496
2023-09-16T10:12:21.075Z,3125400.8121661586
2023-09-16T11:09:49.027Z,3124062.1048132223
2023-09-16T12:22:19.248Z,3122496.8561509
2023-09-16T13:13:38.071Z,3124960.65924239
2023-09-16T14:10:51.775Z,3124569.2299920265
2023-09-16T15:12:03.028Z,3127888.5128357597
2023-09-16T16:15:07.224Z,3128994.309491908
2023-09-16T17:10:29.012Z,3129173.5799097046
2023-09-16T18:15:17.417Z,3129299.312516557
2023-09-16T19:10:12.855Z,3129654.8750851
2023-09-16T20:12:43.947Z,3130038.997375226
2023-09-16T21:10:34.306Z,3130384.8433429603
2023-09-16T22:11:35.969Z,3130099.3173248186
2023-09-16T23:12:16.877Z,3130584.546978572
