timestamp,burned,circulating,issued,max,total
2023-07-10T15:09:57.891Z,49399.627875,,25452486272.744267,,25452436873.11639
2023-07-10T16:20:28.616Z,49399.627875,,25452711026.999268,,25452661627.37139
2023-07-10T17:13:27.865Z,49399.627875,,25465932215.581657,,25465882815.95378
2023-07-10T18:18:43.511Z,49399.627875,,25465676861.471737,,25465627461.84386
2023-07-10T19:12:01.451Z,49399.627875,,25463933436.32313,,25463884036.695255
2023-07-10T20:15:56.787Z,49399.627875,,25493631206.10072,,25493581806.472843
2023-07-10T21:12:56.615Z,49399.627875,,25502159933.13458,,25502110533.506702
2023-07-10T22:13:58.178Z,49399.627875,,25512766205.930546,,25512716806.30267
2023-07-10T23:14:34.034Z,49399.627875,,25524781757.31156,,25524732357.683685
2023-07-11T01:18:32.350Z,49399.627875,,25526334707.963223,,25526285308.335346
2023-07-11T01:47:35.350Z,49399.627875,,25526334707.963223,,25526285308.335346
2023-07-11T02:49:45.410Z,49399.627875,,25526953057.800724,,25526903658.172848
2023-07-11T03:19:45.248Z,49399.627875,,25526941458.800724,,25526892059.172848
2023-07-11T04:18:06.603Z,49399.627875,,25526109418.22627,,25526060018.598392
2023-07-11T05:14:12.837Z,49399.627875,,25525949417.22627,,25525900017.598392
2023-07-11T06:19:41.329Z,49399.627875,,25524221886.416267,,25524172486.78839
2023-07-11T07:13:54.080Z,49399.627875,,25520987592.977203,,25520938193.349327
2023-07-11T08:19:32.798Z,49399.627875,,25512345369.097656,,25512295969.46978
2023-07-11T09:14:49.627Z,49399.627875,,25510026794.62379,,25509977394.995914
2023-07-11T10:16:13.770Z,49399.627875,,25507844723.98292,,25507795324.355045
2023-07-11T11:12:28.001Z,49399.627875,,25510224819.848682,,25510175420.220806
2023-07-11T12:31:38.642Z,49399.627875,,25511645667.628403,,25511596268.000526
2023-07-11T13:23:26.462Z,49399.627875,,25500088586.792248,,25500039187.16437
2023-07-11T14:13:48.165Z,49399.627875,,25493878477.098946,,25493829077.47107
2023-07-11T15:15:39.141Z,49399.627875,,25500738567.280773,,25500689167.652897
2023-07-11T16:19:29.760Z,49399.627875,,25489592865.279175,,25489543465.6513
2023-07-11T17:12:58.398Z,49399.627875,,25473427507.798286,,25473378108.17041
2023-07-11T18:18:26.931Z,49399.627875,,25484089071.238155,,25484039671.61028
2023-07-11T19:11:45.744Z,49399.627875,,25487465879.227634,,25487416479.59976
2023-07-11T20:15:27.069Z,49399.627875,,25496898766.909073,,25496849367.281197
2023-07-11T21:13:02.164Z,49399.627875,,25503564911.409073,,25503515511.781197
2023-07-11T22:13:40.378Z,49399.627875,,25508011087.732014,,25507961688.104137
2023-07-11T23:14:23.234Z,49399.627875,,25508162510.761707,,25508113111.13383
2023-07-12T01:24:05.109Z,49399.627875,,25508123895.683876,,25508074496.056
2023-07-12T02:55:11.760Z,49399.627875,,25520410916.99128,,25520361517.363403
2023-07-12T03:23:50.814Z,49399.627875,,25520510916.99128,,25520461517.363403
2023-07-12T04:18:09.117Z,49399.627875,,25523868152.63007,,25523818753.002193
2023-07-12T05:14:17.364Z,49399.627875,,25523829037.04715,,25523779637.419273
2023-07-12T06:19:19.530Z,49399.627875,,25523822448.89585,,25523773049.267975
2023-07-12T07:13:37.917Z,49399.627875,,25520452097.79655,,25520402698.168674
2023-07-12T08:19:11.659Z,49399.627875,,25520473847.18535,,25520424447.557472
2023-07-12T09:14:34.508Z,49399.627875,,25514695113.71891,,25514645714.091034
2023-07-12T10:15:58.683Z,49399.627875,,25508933753.01297,,25508884353.385094
2023-07-12T11:12:29.901Z,49399.627875,,25500187447.38956,,25500138047.761684
2023-07-12T12:31:35.355Z,49399.627875,,25492296380.412178,,25492246980.7843
2023-07-12T13:24:45.529Z,49399.627875,,25472245429.982178,,25472196030.3543
2023-07-12T14:13:46.064Z,49399.627875,,25474169597.733677,,25474120198.1058
2023-07-12T15:15:09.111Z,49399.627875,,25466155711.60671,,25466106311.978832
2023-07-12T16:19:15.776Z,49399.627875,,25468464919.438614,,25468415519.810738
2023-07-12T17:13:27.962Z,49399.627875,,25459863517.70181,,25459814118.073933
2023-07-12T18:18:41.247Z,49399.627875,,25425256821.334366,,25425207421.70649
2023-07-12T19:11:57.689Z,49399.627875,,25465390449.286957,,25465341049.65908
2023-07-12T20:15:38.986Z,49399.627875,,25482045945.88918,,25481996546.261303
2023-07-12T20:31:47.694Z,49399.627875,,25483735219.23014,,25483685819.602264
2023-07-12T20:48:26.931Z,49399.627875,,25476189787.500046,,25476140387.87217
2023-07-12T21:12:51.334Z,49399.627875,,25495726103.240044,,25495676703.612167
2023-07-12T22:13:42.294Z,49399.627875,,25424614141.46114,,25424564741.833263
2023-07-12T23:14:37.925Z,49399.627875,,25424524239.86162,,25424474840.233746
2023-07-13T01:27:25.984Z,49399.627875,,25424474625.72457,,25424425226.096695
2023-07-13T02:58:41.038Z,49399.627875,,25422746850.788685,,25422697451.16081
2023-07-13T03:29:34.395Z,49399.627875,,25422746850.788685,,25422697451.16081
2023-07-13T04:17:50.611Z,49399.627875,,25422745692.221153,,25422696292.593277
2023-07-13T05:14:12.511Z,49399.627875,,25422750505.932114,,25422701106.304237
2023-07-13T06:19:33.819Z,49399.627875,,25422696956.943928,,25422647557.31605
2023-07-13T07:13:48.159Z,49399.627875,,25419970264.693928,,25419920865.06605
2023-07-13T08:18:54.339Z,49399.627875,,25414792127.405643,,25414742727.777767
2023-07-13T09:14:49.118Z,49403.408494,,25410292178.405643,,25410242774.99715
2023-07-13T10:15:38.521Z,49403.408494,,25402261713.526665,,25402212310.11817
2023-07-13T11:12:39.396Z,49403.408494,,25402261230.882965,,25402211827.474472
2023-07-13T12:32:01.457Z,49403.408494,,25402259744.651527,,25402210341.243034
2023-07-13T13:28:58.025Z,49403.408494,,25382273994.498604,,25382224591.09011
2023-07-13T14:13:50.225Z,49403.408494,,25377745628.063988,,25377696224.655495
2023-07-13T15:15:09.307Z,49403.408494,,25371615887.606968,,25371566484.198475
2023-07-13T16:19:28.643Z,49403.408494,,25384456252.684,,25384406849.275505
2023-07-13T17:13:01.389Z,49403.408494,,25396325239.97831,,25396275836.569817
2023-07-13T18:18:34.233Z,49403.408494,,25412062191.533237,,25412012788.124744
2023-07-13T19:10:43.605Z,49403.408494,,25370088921.385258,,25370039517.976765
2023-07-13T20:15:48.931Z,49403.408494,,25492900230.10264,,25492850826.694145
2023-07-13T21:12:49.932Z,49403.408494,,25492105995.02826,,25492056591.619766
2023-07-13T22:13:44.604Z,49403.408494,,25562402493.386078,,25562353089.977585
2023-07-13T23:15:02.801Z,49403.408494,,25560307027.432526,,25560257624.024033
2023-07-14T01:26:23.393Z,49403.408494,,25560327213.744766,,25560277810.336273
2023-07-14T02:57:38.642Z,49403.408494,,25567039529.571842,,25566990126.16335
2023-07-14T03:27:28.907Z,49403.408494,,25567019373.01947,,25566969969.610977
2023-07-14T04:18:00.762Z,49403.408494,,25569306776.06556,,25569257372.657066
2023-07-14T05:14:25.144Z,49403.408494,,25569279996.737038,,25569230593.328545
2023-07-14T06:19:58.932Z,49403.408494,,25569270044.45094,,25569220641.042446
2023-07-14T07:13:43.734Z,49403.408494,,25565302017.162395,,25565252613.753902
2023-07-14T08:18:34.795Z,49403.408494,,25551731747.826794,,25551682344.4183
2023-07-14T09:14:36.417Z,49403.408494,,25550008896.873173,,25549959493.46468
2023-07-14T10:15:37.913Z,49403.408494,,25547988050.1838,,25547938646.775307
2023-07-14T11:11:58.403Z,49403.408494,,25538195000.1738,,25538145596.76531
2023-07-14T12:30:04.802Z,49403.408494,,25536860728.579285,,25536811325.17079
2023-07-14T13:22:14.991Z,49403.408494,,25505515087.76988,,25505465684.361385
2023-07-14T14:13:08.421Z,49403.408494,,25471077431.560184,,25471028028.15169
2023-07-14T15:14:58.545Z,49403.408494,,25472841787.9878,,25472792384.579308
2023-07-14T16:18:04.799Z,49403.408494,,25464688375.04176,,25464638971.633266
2023-07-14T17:11:43.846Z,49403.408494,,25458464117.263416,,25458414713.854923
2023-07-14T18:17:52.096Z,49403.408494,,25412972101.546032,,25412922698.13754
2023-07-14T19:12:01.206Z,49403.408494,,25411214240.0035,,25411164836.59501
2023-07-14T20:15:30.702Z,49403.408494,,25431818591.154305,,25431769187.74581
2023-07-14T21:12:30.184Z,49403.408494,,25464222908.687885,,25464173505.279392
2023-07-14T22:13:51.678Z,49403.408494,,25468903059.034985,,25468853655.62649
2023-07-14T23:14:17.507Z,49403.408494,,25469202606.654198,,25469153203.245705
2023-07-15T01:25:30.174Z,49403.408494,,25469209054.93292,,25469159651.524426
2023-07-15T03:00:12.006Z,49403.408494,,25469382729.449493,,25469333326.041
2023-07-15T03:31:55.090Z,49403.408494,,25469438471.190697,,25469389067.782204
2023-07-15T04:17:09.527Z,49403.408494,,25469438471.190697,,25469389067.782204
2023-07-15T05:13:56.463Z,49403.408494,,25469306471.5607,,25469257068.152206
2023-07-15T06:18:27.498Z,49403.408494,,25469306471.5607,,25469257068.152206
2023-07-15T07:13:11.441Z,49403.408494,,25469259691.495956,,25469210288.087463
2023-07-15T08:17:31.186Z,49403.408494,,25469259691.495956,,25469210288.087463
2023-07-15T09:13:25.002Z,49403.408494,,25469202431.14829,,25469153027.739796
2023-07-15T10:14:37.237Z,49403.408494,,25469206593.91588,,25469157190.507385
2023-07-15T11:11:24.625Z,49403.408494,,25469114973.053585,,25469065569.645092
2023-07-15T12:27:48.668Z,49403.408494,,25469127434.073547,,25469078030.665054
2023-07-15T13:18:51.481Z,49403.408494,,25469127192.549458,,25469077789.140965
2023-07-15T14:12:24.495Z,49403.408494,,25469187687.024994,,25469138283.6165
2023-07-15T15:13:47.933Z,49403.408494,,25468571121.086098,,25468521717.677605
2023-07-15T16:18:21.785Z,49403.408494,,25468589606.445145,,25468540203.03665
2023-07-15T17:12:01.961Z,49403.408494,,25468090604.024708,,25468041200.616215
2023-07-15T18:17:08.017Z,49403.408494,,25468100604.024708,,25468051200.616215
2023-07-15T19:10:58.242Z,49403.408494,,25468100109.399708,,25468050705.991215
2023-07-15T20:14:27.276Z,49403.408494,,25468073631.14241,,25468024227.733917
2023-07-15T21:12:02.590Z,49403.408494,,25468076385.920193,,25468026982.5117
2023-07-15T22:13:06.114Z,49403.408494,,25468007891.284252,,25467958487.87576
2023-07-15T23:13:44.702Z,49403.408494,,25467937912.18757,,25467888508.779076
2023-07-16T01:44:16.320Z,49403.408494,,25468637279.348522,,25468587875.94003
2023-07-16T03:08:30.475Z,49403.408494,,25468389484.360435,,25468340080.951942
2023-07-16T04:17:00.994Z,49403.408494,,25468375454.273335,,25468326050.86484
2023-07-16T05:13:32.845Z,49403.408494,,25468373237.56212,,25468323834.153625
2023-07-16T06:18:11.164Z,49403.408494,,25468373237.56212,,25468323834.153625
2023-07-16T07:12:43.206Z,49403.408494,,25468373237.56212,,25468323834.153625
2023-07-16T08:17:23.200Z,49403.408494,,25468373237.56212,,25468323834.153625
2023-07-16T09:13:06.847Z,49403.408494,,25464227052.582115,,25464177649.173622
2023-07-16T10:14:46.530Z,49403.408494,,25464228523.844906,,25464179120.436413
2023-07-16T11:11:38.020Z,49403.408494,,25464203009.73441,,25464153606.325916
2023-07-16T12:27:00.257Z,49403.408494,,25464062221.016773,,25464012817.60828
2023-07-16T13:18:43.776Z,49403.408494,,25464062229.43126,,25464012826.022766
2023-07-16T14:12:32.714Z,49403.408494,,25464055861.38882,,25464006457.980328
2023-07-16T15:13:42.798Z,49403.408494,,25464055566.46266,,25464006163.05417
2023-07-16T16:18:02.461Z,49403.408494,,25464083751.652832,,25464034348.24434
2023-07-16T17:12:16.668Z,49403.408494,,25464078795.802834,,25464029392.39434
2023-07-16T18:17:16.397Z,49403.408494,,25463076895.802834,,25463027492.39434
2023-07-16T19:11:35.327Z,49403.408494,,25463084490.418903,,25463035087.01041
2023-07-16T20:14:29.870Z,49403.408494,,25463099859.306282,,25463050455.89779
2023-07-16T21:12:24.621Z,49403.408494,,25469749269.53628,,25469699866.12779
2023-07-16T22:13:19.351Z,49403.408494,,25469754045.289505,,25469704641.881012
2023-07-16T23:13:55.602Z,49403.408494,,25472349146.507317,,25472299743.098824
2023-07-17T01:27:40.396Z,49403.408494,,25472445553.89207,,25472396150.483578
2023-07-17T03:02:18.004Z,49403.408494,,25483426761.196144,,25483377357.78765
2023-07-17T04:18:31.006Z,49403.408494,,25484521597.913986,,25484472194.505493
2023-07-17T05:14:29.740Z,49403.408494,,25486523915.012455,,25486474511.603962
2023-07-17T06:20:14.949Z,49403.408494,,25488518638.991528,,25488469235.583035
2023-07-17T07:14:22.060Z,49403.408494,,25486854198.13115,,25486804794.722656
2023-07-17T08:19:33.585Z,49403.408494,,25482735544.751152,,25482686141.34266
2023-07-17T09:15:31.917Z,49403.408494,,25477919818.129833,,25477870414.72134
2023-07-17T10:16:50.745Z,49403.408494,,25479279003.67517,,25479229600.266678
2023-07-17T11:12:31.439Z,49403.408494,,25478027284.41616,,25477977881.007668
2023-07-17T12:32:24.279Z,49403.408494,,25476682228.95569,,25476632825.547195
2023-07-17T13:24:55.318Z,49403.408494,,25317372825.186874,,25317323421.77838
2023-07-17T14:14:06.024Z,49403.408494,,25314422357.06687,,25314372953.65838
2023-07-17T15:15:48.454Z,49403.408494,,25291461944.26059,,25291412540.852097
2023-07-17T16:19:45.860Z,49403.408494,,25244775293.333,,25244725889.924507
2023-07-17T17:13:09.985Z,49403.408494,,25291474557.403,,25291425153.994507
2023-07-17T18:18:50.593Z,49403.408494,,25237644758.622997,,25237595355.214504
2023-07-17T19:11:45.343Z,49403.408494,,25253867089.734665,,25253817686.32617
2023-07-17T20:15:53.801Z,49403.408494,,25267525796.094746,,25267476392.686253
2023-07-17T21:12:22.151Z,49403.408494,,25276263171.38978,,25276213767.981285
2023-07-17T22:12:48.150Z,49403.408494,,25289150240.45189,,25289100837.043396
2023-07-17T23:13:52.460Z,49403.408494,,25289132853.13752,,25289083449.729027
2023-07-18T01:47:04.752Z,49403.408494,,25290855384.13633,,25290805980.727837
2023-07-18T02:58:48.638Z,49403.408494,,25285061318.5351,,25285011915.126606
2023-07-18T03:26:04.253Z,49403.408494,,25285061318.5351,,25285011915.126606
2023-07-18T04:16:37.946Z,49403.408494,,25285061318.5351,,25285011915.126606
2023-07-18T05:13:26.354Z,49403.408494,,25285045306.24761,,25284995902.839115
2023-07-18T06:18:15.631Z,49403.408494,,25285045306.24761,,25284995902.839115
2023-07-18T07:13:10.141Z,49403.408494,,25281291556.53746,,25281242153.128967
2023-07-18T08:18:14.109Z,49403.408494,,25273488825.85496,,25273439422.44647
2023-07-18T09:14:07.529Z,49403.408494,,25268582973.12496,,25268533569.71647
2023-07-18T10:15:13.884Z,49403.408494,,25262294143.61246,,25262244740.203968
2023-07-18T11:11:43.359Z,49403.408494,,25262289343.61246,,25262239940.203968
2023-07-18T12:29:02.339Z,49403.408494,,25262271682.683826,,25262222279.275333
2023-07-18T13:20:02.843Z,49403.408494,,25186951532.483826,,25186902129.075333
2023-07-18T14:13:06.452Z,49403.408494,,25164538788.538853,,25164489385.13036
2023-07-18T15:14:32.689Z,49403.408494,,25170770398.81811,,25170720995.40962
2023-07-18T16:19:53.574Z,49403.408494,,25123641216.356514,,25123591812.94802
2023-07-18T17:12:26.440Z,49403.408494,,25108999366.905254,,25108949963.49676
2023-07-18T18:18:04.585Z,49403.408494,,25105257156.19279,,25105207752.784298
2023-07-18T19:11:22.826Z,49403.408494,,25150704021.389145,,25150654617.98065
2023-07-18T20:14:52.478Z,49403.408494,,25181891382.303604,,25181841978.89511
2023-07-18T21:11:11.724Z,49403.408494,,25190557169.505165,,25190507766.096672
2023-07-18T22:12:32.559Z,49403.408494,,25194867300.538673,,25194817897.13018
2023-07-18T23:12:43.853Z,49403.408494,,25205739798.509686,,25205690395.101192
2023-07-19T02:35:31.271Z,49403.408494,,25205325831.581917,,25205276428.173424
2023-07-19T03:53:17.992Z,49403.408494,,25205338606.989647,,25205289203.581154
2023-07-19T04:20:45.191Z,49403.408494,,25205533882.114388,,25205484478.705894
2023-07-19T05:12:47.157Z,49403.408494,,25205522362.436523,,25205472959.02803
2023-07-19T06:17:25.907Z,49403.408494,,25202150502.596527,,25202101099.188034
2023-07-19T07:12:37.758Z,49403.408494,,25200798631.53653,,25200749228.128036
2023-07-19T08:16:56.489Z,49403.408494,,25190691543.07204,,25190642139.663548
2023-07-19T09:13:09.903Z,49403.408494,,25189931466.92318,,25189882063.514687
2023-07-19T10:14:08.191Z,49403.408494,,25182128806.780376,,25182079403.371883
2023-07-19T11:11:18.678Z,49403.408494,,25173057587.656647,,25173008184.248154
2023-07-19T12:26:51.930Z,49403.408494,,25178170320.79548,,25178120917.386986
2023-07-19T13:17:57.256Z,49403.408494,,25177386911.018818,,25177337507.610325
2023-07-19T14:12:38.371Z,49403.408494,,25157802473.657246,,25157753070.248753
2023-07-19T15:14:08.473Z,49403.408494,,25125089438.32694,,25125040034.918446
2023-07-19T16:17:19.995Z,49403.408494,,25129056720.144638,,25129007316.736145
2023-07-19T17:12:12.727Z,49403.408494,,25129803511.11187,,25129754107.703377
2023-07-19T18:16:33.818Z,49403.408494,,25108025400.18341,,25107975996.774918
2023-07-19T19:10:58.000Z,49403.408494,,25110319165.928185,,25110269762.51969
2023-07-19T20:13:19.683Z,49403.408494,,25139887411.98447,,25139838008.575977
2023-07-19T21:11:43.770Z,49403.408494,,25162708877.041115,,25162659473.63262
2023-07-19T22:12:35.852Z,49403.408494,,25184140342.180443,,25184090938.77195
2023-07-19T23:12:55.689Z,49403.408494,,25173030271.704483,,25172980868.29599
2023-07-20T01:13:08.571Z,49403.408494,,25172672223.342236,,25172622819.933743
2023-07-20T02:31:45.704Z,49403.408494,,25172666913.516697,,25172617510.108204
2023-07-20T03:13:46.592Z,49403.408494,,25172173916.911297,,25172124513.502804
2023-07-20T04:15:58.949Z,49403.408494,,25172166239.987602,,25172116836.57911
2023-07-20T05:12:30.912Z,49403.408494,,25172156727.932625,,25172107324.52413
2023-07-20T06:17:29.307Z,49403.408494,,25172159203.562325,,25172109800.15383
2023-07-20T07:12:39.433Z,49403.408494,,25171827997.922897,,25171778594.514404
2023-07-20T08:16:43.331Z,49403.408494,,25166518642.706882,,25166469239.29839
2023-07-20T09:13:02.837Z,49403.408494,,25166506342.47057,,25166456939.062077
2023-07-20T10:14:25.456Z,49403.408494,,25162766597.994926,,25162717194.586433
2023-07-20T11:11:10.935Z,49403.408494,,25162141577.67063,,25162092174.26214
2023-07-20T12:28:31.919Z,49403.408494,,25154443424.149014,,25154394020.74052
2023-07-20T13:18:02.398Z,49403.408494,,25150852590.63426,,25150803187.225765
2023-07-20T14:12:30.773Z,49403.408494,,25141504128.60893,,25141454725.200436
2023-07-20T15:13:45.372Z,49403.408494,,25140157507.41096,,25140108104.00247
2023-07-20T16:17:19.715Z,49403.408494,,25135329351.973614,,25135279948.56512
2023-07-20T17:11:44.589Z,49403.408494,,25127085477.532417,,25127036074.123924
2023-07-20T18:17:08.763Z,49403.408494,,25132761539.834007,,25132712136.425514
2023-07-20T19:10:33.972Z,49403.408494,,25127940284.75062,,25127890881.34213
2023-07-20T20:13:46.043Z,49403.408494,,25113449232.35203,,25113399828.94354
2023-07-20T21:11:26.796Z,49403.408494,,25115650438.099987,,25115601034.691494
2023-07-20T22:12:09.568Z,49403.408494,,25116143834.280354,,25116094430.87186
2023-07-20T23:13:14.443Z,49403.408494,,25113538142.08219,,25113488738.6737
2023-07-21T01:13:51.787Z,49403.408494,,25102130766.018063,,25102081362.60957
2023-07-21T02:33:41.262Z,49403.408494,,25111508962.501896,,25111459559.093403
2023-07-21T03:13:37.498Z,49403.408494,,25111520890.902603,,25111471487.49411
2023-07-21T04:15:47.452Z,49403.408494,,25111511869.665745,,25111462466.25725
2023-07-21T05:12:45.657Z,49403.408494,,25111482189.390774,,25111432785.98228
2023-07-21T06:17:31.775Z,49403.408494,,25099462558.16169,,25099413154.753197
2023-07-21T07:12:06.455Z,49403.408494,,25098936199.795937,,25098886796.387444
2023-07-21T08:16:25.006Z,49403.408494,,25098658045.07885,,25098608641.670357
2023-07-21T09:13:00.767Z,49403.408494,,25097905559.90465,,25097856156.49616
2023-07-21T10:14:07.003Z,49403.408494,,25056144486.82465,,25056095083.416157
2023-07-21T11:11:03.807Z,49403.408494,,25056145696.0751,,25056096292.666607
2023-07-21T12:26:30.479Z,49403.408494,,25042259263.307358,,25042209859.898865
2023-07-21T13:16:54.646Z,49403.408494,,25036927629.93736,,25036878226.528866
2023-07-21T14:11:51.345Z,49403.408494,,25018345394.125793,,25018295990.7173
2023-07-21T15:13:32.391Z,49403.408494,,25004362820.95579,,25004313417.5473
2023-07-21T16:17:26.508Z,49403.408494,,24948996211.05568,,24948946807.647186
2023-07-21T17:11:58.428Z,49403.408494,,24955265797.234715,,24955216393.82622
2023-07-21T18:17:15.596Z,49403.408494,,24994187231.941147,,24994137828.532654
2023-07-21T19:10:22.450Z,49403.408494,,24995149710.55854,,24995100307.150047
2023-07-21T20:13:34.216Z,49403.408494,,24985285787.257023,,24985236383.84853
2023-07-21T21:11:13.159Z,49403.408494,,24998739723.795628,,24998690320.387135
2023-07-21T22:12:13.788Z,49403.408494,,25005684947.34479,,25005635543.9363
2023-07-21T23:12:33.720Z,49403.408494,,25005685911.848694,,25005636508.4402
2023-07-22T01:13:09.460Z,49403.408494,,25005260658.200706,,25005211254.792213
2023-07-22T02:30:32.173Z,49403.408494,,25005260251.76989,,25005210848.361397
2023-07-22T03:13:34.020Z,49403.408494,,25005259700.366734,,25005210296.95824
2023-07-22T04:15:16.504Z,49403.408494,,25005255809.212616,,25005206405.804123
2023-07-22T05:11:55.120Z,49403.408494,,25005254810.212616,,25005205406.804123
2023-07-22T06:15:54.851Z,49403.408494,,25005094074.192135,,25005044670.78364
2023-07-22T07:11:31.770Z,49403.408494,,25005103461.429264,,25005054058.02077
2023-07-22T08:15:03.691Z,49403.408494,,25005065231.10253,,25005015827.69404
2023-07-22T09:11:51.064Z,49403.408494,,25004920769.82921,,25004871366.420715
2023-07-22T10:12:39.772Z,49403.408494,,25004920769.82921,,25004871366.420715
2023-07-22T11:10:52.675Z,49403.408494,,25004920747.066936,,25004871343.658443
2023-07-22T12:24:19.082Z,49403.408494,,25004908097.516937,,25004858694.108444
2023-07-22T13:14:14.987Z,49403.408494,,25004908097.516937,,25004858694.108444
2023-07-22T14:10:30.832Z,49403.408494,,25004916002.95349,,25004866599.545
2023-07-22T15:12:08.853Z,49403.408494,,25007798867.926807,,25007749464.518314
2023-07-22T16:15:54.203Z,49403.408494,,25007832982.320206,,25007783578.911713
2023-07-22T17:10:53.723Z,49403.408494,,25009631262.99211,,25009581859.58362
2023-07-22T18:15:16.897Z,49403.408494,,25010971217.252804,,25010921813.84431
2023-07-22T19:09:50.268Z,49403.408494,,25010530682.69394,,25010481279.285446
2023-07-22T20:12:34.635Z,49403.408494,,25010495192.67004,,25010445789.261547
2023-07-22T21:10:54.489Z,49403.408494,,25008087132.658623,,25008037729.25013
2023-07-22T22:11:59.605Z,49403.408494,,25008087647.658623,,25008038244.25013
2023-07-22T23:11:58.042Z,49403.408494,,25008087647.658623,,25008038244.25013
2023-07-23T01:17:54.854Z,49403.408494,,25008090948.33293,,25008041544.92444
2023-07-23T02:36:21.588Z,49403.408494,,25008061893.954605,,25008012490.546112
2023-07-23T03:13:47.437Z,49403.408494,,25008069826.72552,,25008020423.317028
2023-07-23T04:15:20.360Z,49403.408494,,25008020092.51422,,25007970689.10573
2023-07-23T05:12:20.787Z,49403.408494,,25008081873.382496,,25008032469.974003
2023-07-23T06:16:30.360Z,49403.408494,,25008089057.202496,,25008039653.794003
2023-07-23T07:11:30.342Z,49403.408494,,25008089057.202496,,25008039653.794003
2023-07-23T08:15:25.127Z,49403.408494,,25008089057.202496,,25008039653.794003
2023-07-23T09:11:45.604Z,49403.408494,,25008098040.832867,,25008048637.424374
2023-07-23T10:13:03.328Z,49403.408494,,25008165020.807854,,25008115617.39936
2023-07-23T11:10:03.590Z,49403.408494,,25008167331.61251,,25008117928.204018
2023-07-23T12:24:07.941Z,49403.408494,,25008263490.580338,,25008214087.171844
2023-07-23T13:14:26.947Z,49403.408494,,25005674232.90752,,25005624829.499027
2023-07-23T14:10:46.240Z,49403.408494,,25005698195.023476,,25005648791.614983
2023-07-23T15:12:05.141Z,49403.408494,,25005694252.27959,,25005644848.871098
2023-07-23T16:15:51.470Z,49403.408494,,25005698851.06906,,25005649447.66057
2023-07-23T17:10:56.675Z,49403.408494,,25005701013.711807,,25005651610.303314
2023-07-23T18:15:27.829Z,49403.408494,,25005525569.533913,,25005476166.12542
2023-07-23T19:10:06.012Z,49403.408494,,25005534194.094585,,25005484790.686092
2023-07-23T20:13:04.558Z,49403.408494,,25005523147.618313,,25005473744.20982
2023-07-23T21:11:54.399Z,49403.408494,,25005519671.671547,,25005470268.263054
2023-07-23T22:11:24.229Z,49403.408494,,25005522464.004112,,25005473060.59562
2023-07-23T23:13:02.002Z,49403.408494,,25005517906.319202,,25005468502.91071
2023-07-24T01:13:55.792Z,49403.408494,,25005617283.8987,,25005567880.490208
2023-07-24T02:33:26.171Z,49403.408494,,25019143281.918564,,25019093878.51007
2023-07-24T03:14:02.260Z,49403.408494,,25019143281.918564,,25019093878.51007
2023-07-24T04:15:56.701Z,49403.408494,,25012393852.19934,,25012344448.790848
2023-07-24T05:12:52.826Z,49403.408494,,25006216674.20934,,25006167270.800846
2023-07-24T06:17:56.462Z,49403.408494,,25003715988.198452,,25003666584.78996
2023-07-24T07:13:05.098Z,49403.408494,,25002590988.198452,,25002541584.78996
2023-07-24T08:17:43.522Z,49403.408494,,25002496014.34665,,25002446610.938156
2023-07-24T09:14:01.969Z,49403.408494,,25001614638.54512,,25001565235.136627
2023-07-24T10:15:09.649Z,49403.408494,,24979021488.629837,,24978972085.221344
2023-07-24T11:11:31.543Z,49403.408494,,24977212209.57536,,24977162806.166866
2023-07-24T12:27:26.384Z,49403.408494,,24954626778.63325,,24954577375.22476
2023-07-24T13:18:33.696Z,49403.408494,,24946846065.09778,,24946796661.689285
2023-07-24T14:13:27.790Z,49403.408494,,24905602941.598923,,24905553538.19043
2023-07-24T15:13:59.805Z,49403.408494,,24900798786.074978,,24900749382.666485
2023-07-24T16:17:36.126Z,49403.408494,,24891682589.027027,,24891633185.618534
2023-07-24T17:12:16.080Z,49403.408494,,24875991934.89615,,24875942531.487656
2023-07-24T18:18:15.222Z,49403.408494,,24827026980.35615,,24826977576.94766
2023-07-24T19:10:45.006Z,49403.408494,,24887586796.44195,,24887537393.03346
2023-07-24T20:12:59.109Z,49403.408494,,24838459395.710243,,24838409992.30175
2023-07-24T20:50:15.656Z,49403.408494,,24837911286.77463,,24837861883.36614
2023-07-24T21:12:40.694Z,49403.408494,,24841916371.04443,,24841866967.635937
2023-07-24T22:12:34.892Z,49403.408494,,24848618244.839226,,24848568841.430733
2023-07-24T23:13:07.544Z,49403.408494,,24848453996.08475,,24848404592.676258
2023-07-25T01:18:41.633Z,49403.408494,,24848237549.744045,,24848188146.335552
2023-07-25T02:44:47.090Z,49403.408494,,24857789730.324722,,24857740326.91623
2023-07-25T03:13:51.510Z,49403.408494,,24857825923.772022,,24857776520.36353
2023-07-25T04:15:52.529Z,49403.408494,,24857818562.56076,,24857769159.152267
2023-07-25T05:12:57.896Z,49403.408494,,24849080696.188683,,24849031292.78019
2023-07-25T06:17:39.604Z,49403.408494,,24849124832.861866,,24849075429.453373
2023-07-25T07:12:48.336Z,49403.408494,,24842723619.748066,,24842674216.339573
2023-07-25T08:17:16.005Z,49403.408494,,24842537762.18041,,24842488358.771915
2023-07-25T09:13:39.949Z,49403.408494,,24837347429.840572,,24837298026.43208
2023-07-25T10:14:50.732Z,49403.408494,,24836317629.752296,,24836268226.343803
2023-07-25T11:11:01.796Z,49403.408494,,24828288164.4688,,24828238761.060307
2023-07-25T12:28:48.591Z,49403.408494,,24824055234.69605,,24824005831.287556
2023-07-25T13:19:13.143Z,49403.408494,,24814464737.611313,,24814415334.20282
2023-07-25T14:12:41.954Z,49403.408494,,24792082814.341312,,24792033410.93282
2023-07-25T15:14:18.962Z,49403.408494,,24742353091.088013,,24742303687.67952
2023-07-25T16:17:21.500Z,49406.249834,,24722952528.50721,,24722903122.257378
2023-07-25T17:11:22.664Z,49406.249834,,24718860306.94871,,24718810900.69888
2023-07-25T18:15:54.270Z,49406.249834,,24747003859.94871,,24746954453.69888
2023-07-25T19:09:25.677Z,49406.249834,,24746003625.083813,,24745954218.83398
2023-07-25T19:43:25.121Z,49406.249834,,24745692619.095547,,24745643212.845715
2023-07-25T20:13:20.306Z,49406.249834,,24746232430.155544,,24746183023.905712
2023-07-25T21:11:25.086Z,49406.249834,,24752413620.645744,,24752364214.395912
2023-07-25T22:11:38.522Z,49406.249834,,24773273833.38751,,24773224427.137676
2023-07-25T23:11:21.419Z,49406.249834,,24773158907.328976,,24773109501.079144
2023-07-26T01:13:36.086Z,49406.249834,,24769703292.781475,,24769653886.531643
2023-07-26T02:34:40.703Z,49406.249834,,24768485273.013596,,24768435866.763763
2023-07-26T03:13:12.101Z,49406.249834,,24759293104.68758,,24759243698.437748
2023-07-26T04:14:56.023Z,49406.249834,,24749311318.47958,,24749261912.229748
2023-07-26T05:12:20.780Z,49406.249834,,24749321426.093605,,24749272019.843773
2023-07-26T06:16:40.502Z,49406.249834,,24748317324.34033,,24748267918.090496
2023-07-26T07:11:50.642Z,49406.249834,,24737519294.324947,,24737469888.075115
2023-07-26T08:16:32.901Z,49406.249834,,24731996525.76562,,24731947119.51579
2023-07-26T09:12:47.476Z,49406.249834,,24731705587.51842,,24731656181.26859
2023-07-26T10:14:00.804Z,49406.249834,,24718325828.423687,,24718276422.173855
2023-07-26T11:10:34.147Z,49406.249834,,24710083637.501526,,24710034231.251694
2023-07-26T12:26:28.598Z,49406.249834,,24709724373.38421,,24709674967.134377
2023-07-26T13:16:41.206Z,49406.249834,,24685335114.38421,,24685285708.134377
2023-07-26T14:11:56.547Z,49406.249834,,24635332044.99421,,24635282638.744377
2023-07-26T15:13:04.669Z,49406.249834,,24608284718.46581,,24608235312.215977
2023-07-26T16:17:15.649Z,49406.249834,,24604907347.61173,,24604857941.361897
2023-07-26T17:11:37.846Z,49406.249834,,24601558882.605644,,24601509476.355812
2023-07-26T18:15:58.939Z,49406.249834,,24602818927.363693,,24602769521.11386
2023-07-26T19:10:38.393Z,49406.249834,,24605807345.136173,,24605757938.88634
2023-07-26T20:12:48.246Z,49406.249834,,24615549069.73526,,24615499663.485428
2023-07-26T21:11:21.532Z,49406.249834,,24669780872.248287,,24669731465.998455
2023-07-26T22:11:43.320Z,49406.249834,,24680840405.700226,,24680790999.450394
2023-07-26T23:12:25.689Z,49406.249834,,24680847662.92054,,24680798256.670708
2023-07-27T01:05:26.034Z,49406.249834,,24677232386.52335,,24677182980.273518
2023-07-27T02:24:35.241Z,49406.249834,,24676748757.46355,,24676699351.21372
2023-07-27T03:13:02.946Z,49406.249834,,24676755843.174023,,24676706436.92419
2023-07-27T04:14:42.028Z,49406.249834,,24679556770.894566,,24679507364.644733
2023-07-27T05:12:02.922Z,49406.249834,,24682082834.990944,,24682033428.74111
2023-07-27T06:16:55.329Z,49406.249834,,24684105822.05157,,24684056415.80174
2023-07-27T07:12:10.854Z,49406.249834,,24677617501.56472,,24677568095.314888
2023-07-27T08:16:24.425Z,49406.249834,,24675868156.015038,,24675818749.765205
2023-07-27T09:13:03.232Z,49406.249834,,24671592928.058,,24671543521.808167
2023-07-27T10:13:34.114Z,49406.249834,,24663985628.510864,,24663936222.261032
2023-07-27T11:10:52.789Z,49406.249834,,24663464831.280865,,24663415425.031033
2023-07-27T12:27:17.734Z,49406.249834,,24662782616.37972,,24662733210.129887
2023-07-27T13:16:32.420Z,49406.249834,,24651912782.86509,,24651863376.615257
2023-07-27T14:11:55.061Z,49406.249834,,24673780507.82368,,24673731101.57385
2023-07-27T15:13:02.637Z,49406.249834,,24682760286.58028,,24682710880.33045
2023-07-27T16:16:47.261Z,49406.249834,,24678946122.878265,,24678896716.628433
2023-07-27T17:11:35.749Z,49406.249834,,24686174361.873028,,24686124955.623196
2023-07-27T18:15:42.895Z,49406.249834,,24691480605.14088,,24691431198.89105
2023-07-27T19:10:12.653Z,49406.249834,,24668651403.98391,,24668601997.734077
2023-07-27T20:12:58.712Z,49406.249834,,24696605182.001114,,24696555775.75128
2023-07-27T21:10:12.628Z,49406.249834,,24686546498.319714,,24686497092.06988
2023-07-27T22:11:56.795Z,49406.249834,,24687100829.926952,,24687051423.67712
2023-07-27T23:12:49.964Z,49406.249834,,24687095767.044933,,24687046360.7951
2023-07-28T01:06:29.458Z,49406.249834,,24683475094.037437,,24683425687.787605
2023-07-28T02:27:55.719Z,49406.249834,,24686655581.786415,,24686606175.536583
2023-07-28T03:13:01.991Z,49406.249834,,24686630991.656265,,24686581585.406433
2023-07-28T04:14:58.534Z,49406.249834,,24686633293.11081,,24686583886.860977
2023-07-28T05:12:21.921Z,49406.249834,,24686636840.90803,,24686587434.6582
2023-07-28T06:17:13.682Z,49406.249834,,24685869269.122482,,24685819862.87265
2023-07-28T07:11:49.489Z,49406.249834,,24685079086.30598,,24685029680.05615
2023-07-28T08:15:49.546Z,49406.249834,,24684814965.507854,,24684765559.258022
2023-07-28T09:12:30.718Z,49406.249834,,24682610283.927856,,24682560877.678024
2023-07-28T10:13:34.021Z,49406.249834,,24681540353.687138,,24681490947.437305
2023-07-28T11:10:53.080Z,49406.249834,,24677621132.849545,,24677571726.599712
2023-07-28T12:27:08.855Z,49406.249834,,24671034860.029545,,24670985453.779713
2023-07-28T13:16:33.973Z,49406.249834,,24646346128.96825,,24646296722.71842
2023-07-28T14:13:58.509Z,49406.249834,,24619144652.30825,,24619095246.05842
2023-07-28T15:13:37.500Z,49406.249834,,24635098530.15838,,24635049123.908546
2023-07-28T16:16:52.563Z,49406.249834,,24634693040.41908,,24634643634.169247
2023-07-28T17:11:13.045Z,49406.249834,,24574363270.73908,,24574313864.489246
2023-07-28T18:15:01.968Z,49406.249834,,24615741212.58908,,24615691806.33925
2023-07-28T19:10:30.216Z,49406.249834,,24623195364.62488,,24623145958.37505
2023-07-28T20:13:17.210Z,49406.249834,,24631379784.309757,,24631330378.059925
2023-07-28T21:11:03.679Z,49406.249834,,24649492128.332947,,24649442722.083115
2023-07-28T22:11:42.357Z,49406.249834,,24660659357.965984,,24660609951.716152
2023-07-28T23:12:40.046Z,49406.249834,,24661088997.843315,,24661039591.593483
2023-07-29T01:07:28.351Z,49406.249834,,24661266513.21958,,24661217106.96975
2023-07-29T02:24:45.247Z,49406.249834,,24664578542.193745,,24664529135.943913
2023-07-29T03:12:50.707Z,49406.249834,,24664581274.5566,,24664531868.306767
2023-07-29T04:14:39.488Z,49406.249834,,24664602801.006855,,24664553394.757023
2023-07-29T05:11:25.665Z,49406.249834,,24664602839.505257,,24664553433.255424
2023-07-29T06:15:21.891Z,49406.249834,,24664602933.9012,,24664553527.651367
2023-07-29T07:11:07.380Z,49406.249834,,24664602494.63488,,24664553088.385048
2023-07-29T08:14:31.363Z,49406.249834,,24664096746.63846,,24664047340.388626
2023-07-29T09:11:14.844Z,49406.249834,,24664103354.142593,,24664053947.89276
2023-07-29T10:12:16.787Z,49406.249834,,24669632078.533092,,24669582672.28326
2023-07-29T11:09:47.599Z,49406.249834,,24672615145.152496,,24672565738.902664
2023-07-29T12:23:36.594Z,49406.249834,,24672615145.152496,,24672565738.902664
2023-07-29T13:13:45.629Z,49406.249834,,24672645147.89583,,24672595741.645996
2023-07-29T14:10:25.319Z,49406.249834,,24672686141.4663,,24672636735.21647
2023-07-29T15:11:56.705Z,49406.249834,,24673074023.13021,,24673024616.88038
2023-07-29T16:15:10.681Z,49406.249834,,24673074023.13021,,24673024616.88038
2023-07-29T17:10:18.599Z,49406.249834,,24673308231.228516,,24673258824.978683
2023-07-29T18:14:42.227Z,49406.249834,,24673304238.732388,,24673254832.482555
2023-07-29T19:09:51.761Z,49406.249834,,24673308262.03344,,24673258855.783607
2023-07-29T20:12:17.328Z,49406.249834,,24673309786.449417,,24673260380.199585
2023-07-29T21:10:16.259Z,49406.249834,,24673309688.41602,,24673260282.166187
2023-07-29T22:11:10.215Z,49406.249834,,24673309499.060715,,24673260092.810883
2023-07-29T22:25:16.508Z,49406.249834,,24673309499.060715,,24673260092.810883
2023-07-29T22:37:16.720Z,49406.249834,,24673309499.060715,,24673260092.810883
2023-07-29T23:11:56.304Z,49406.249834,,24673309499.060715,,24673260092.810883
2023-07-30T01:09:51.530Z,49406.249834,,24673309686.57219,,24673260280.322357
2023-07-30T02:27:05.095Z,49406.249834,,24673309675.03151,,24673260268.781677
2023-07-30T03:12:56.171Z,49406.249834,,24673309577.651947,,24673260171.402115
2023-07-30T04:14:32.131Z,49406.249834,,24673309687.91159,,24673260281.66176
2023-07-30T05:11:29.132Z,49406.249834,,24673310182.34823,,24673260776.098396
2023-07-30T06:15:38.716Z,49406.249834,,24673245750.164215,,24673196343.914383
2023-07-30T07:11:10.293Z,49406.249834,,24673246733.5517,,24673197327.30187
2023-07-30T08:14:43.681Z,49406.249834,,24673302039.685066,,24673252633.435234
2023-07-30T09:11:29.901Z,49406.249834,,24673302010.59757,,24673252604.347736
2023-07-30T10:12:25.037Z,49406.249834,,24673305460.24955,,24673256053.999718
2023-07-30T11:09:38.575Z,49406.249834,,24673305879.53664,,24673256473.286808
2023-07-30T12:24:12.451Z,49406.249834,,24673312622.930836,,24673263216.681004
2023-07-30T13:14:23.264Z,49406.249834,,24673291323.144047,,24673241916.894215
2023-07-30T14:10:36.106Z,49406.249834,,24673296316.020977,,24673246909.771145
2023-07-30T15:11:59.842Z,49406.249834,,24673534855.34075,,24673485449.09092
2023-07-30T16:15:29.331Z,49406.249834,,24673536695.671413,,24673487289.42158
2023-07-30T17:10:42.399Z,49406.249834,,24673592568.619213,,24673543162.36938
2023-07-30T18:15:02.774Z,49406.249834,,24673619856.887722,,24673570450.63789
2023-07-30T19:01:01.536Z,49406.249834,,24673627849.84625,,24673578443.596416
2023-07-30T20:12:25.573Z,49406.249834,,24669146030.4281,,24669096624.17827
2023-07-30T21:10:33.173Z,49406.249834,,24669083416.895782,,24669034010.64595
2023-07-30T22:11:25.750Z,49406.249834,,24669148625.760365,,24669099219.510532
2023-07-30T23:12:18.189Z,49406.249834,,24668766265.961926,,24668716859.712093
2023-07-31T01:10:24.494Z,49406.249834,,24668733806.62052,,24668684400.37069
2023-07-31T02:30:27.323Z,49406.249834,,24668777902.753315,,24668728496.503483
2023-07-31T03:13:37.340Z,49406.249834,,24668801497.170216,,24668752090.920383
2023-07-31T04:15:46.381Z,49406.249834,,24669078745.152367,,24669029338.902534
2023-07-31T05:12:19.701Z,49406.249834,,24669079982.711178,,24669030576.461346
2023-07-31T06:17:20.732Z,49406.249834,,24669146551.919056,,24669097145.669224
2023-07-31T07:12:43.147Z,49406.249834,,24669077426.21068,,24669028019.960846
2023-07-31T08:17:40.526Z,49406.249834,,24664971553.25301,,24664922147.003178
2023-07-31T09:14:00.016Z,49406.249834,,24658472311.747704,,24658422905.49787
2023-07-31T10:14:43.986Z,49406.249834,,24658257868.991894,,24658208462.74206
2023-07-31T11:11:09.938Z,49406.249834,,24654320986.948513,,24654271580.69868
2023-07-31T12:28:32.737Z,49406.249834,,24653624357.752056,,24653574951.502224
2023-07-31T13:18:34.503Z,49406.249834,,24644536284.91289,,24644486878.66306
2023-07-31T14:13:02.329Z,49406.249834,,24640384106.38646,,24640334700.136627
2023-07-31T15:14:18.738Z,49406.249834,,24639215442.54406,,24639166036.294228
2023-07-31T16:18:56.508Z,49406.249834,,24635167843.670788,,24635118437.420956
2023-07-31T18:16:37.732Z,49406.249834,,24557079588.63334,,24557030182.383507
2023-07-31T19:10:22.206Z,49406.249834,,24537321404.55203,,24537271998.302197
2023-07-31T20:13:37.828Z,49406.249834,,24594452111.375202,,24594402705.12537
2023-07-31T21:11:48.877Z,49406.249834,,24623381734.236217,,24623332327.986385
2023-07-31T22:12:32.519Z,49406.249834,,24616037347.677273,,24615987941.42744
2023-07-31T23:13:06.939Z,49406.249834,,24615492883.9163,,24615443477.66647
2023-08-01T01:14:07.206Z,49406.249834,,24615404218.8126,,24615354812.562767
2023-08-01T02:35:26.196Z,49406.249834,,24615485257.99019,,24615435851.740356
2023-08-01T03:14:12.601Z,49406.249834,,24615798735.27664,,24615749329.02681
2023-08-01T04:15:51.781Z,49406.249834,,24616928171.911533,,24616878765.6617
2023-08-01T05:12:39.845Z,49406.249834,,24616174642.951225,,24616125236.701393
2023-08-01T06:18:19.938Z,49406.249834,,24614455532.46052,,24614406126.21069
2023-08-01T07:13:09.022Z,49406.249834,,24609839991.54359,,24609790585.29376
2023-08-01T08:16:57.682Z,49406.249834,,24609011963.97457,,24608962557.72474
2023-08-01T09:13:01.329Z,49406.249834,,24596311185.653004,,24596261779.40317
2023-08-01T10:13:53.564Z,49406.249834,,24591951497.22897,,24591902090.979137
2023-08-01T11:10:39.710Z,49406.249834,,24579483241.630352,,24579433835.38052
2023-08-01T12:27:10.434Z,49406.249834,,24572999229.56234,,24572949823.312508
2023-08-01T13:16:35.423Z,49406.249834,,24560192767.482338,,24560143361.232506
2023-08-01T14:12:34.079Z,49406.249834,,24539856712.520702,,24539807306.27087
2023-08-01T15:13:27.532Z,49406.249834,,24522787222.347504,,24522737816.09767
2023-08-01T16:16:52.653Z,49406.249834,,24499707920.006603,,24499658513.75677
2023-08-01T17:11:35.954Z,49406.249834,,24456024085.6279,,24455974679.378067
2023-08-01T18:16:11.943Z,49406.249834,,24438537740.421402,,24438488334.17157
2023-08-01T19:10:14.705Z,49406.249834,,24407830372.63823,,24407780966.388397
2023-08-01T20:13:34.811Z,49406.249834,,24390673898.355026,,24390624492.105194
2023-08-01T21:11:32.930Z,49406.249834,,24405675395.31334,,24405625989.063507
2023-08-01T22:11:49.793Z,49406.249834,,24411454352.635895,,24411404946.386063
2023-08-01T23:12:33.307Z,49406.249834,,24411585895.801308,,24411536489.551476
2023-08-02T01:05:25.064Z,49406.249834,,24411578769.708206,,24411529363.458374
2023-08-02T02:24:48.313Z,49406.249834,,24416989195.18939,,24416939788.939556
2023-08-02T03:12:54.869Z,49406.249834,,24411968016.95922,,24411918610.70939
2023-08-02T04:15:12.245Z,49406.249834,,24412046707.811768,,24411997301.561935
2023-08-02T05:12:20.368Z,49406.249834,,24412046707.811768,,24411997301.561935
2023-08-02T06:16:38.727Z,49406.249834,,24399668141.973904,,24399618735.72407
2023-08-02T07:12:07.702Z,49406.249834,,24380765458.765934,,24380716052.5161
2023-08-02T08:16:14.025Z,49406.249834,,24380725897.182533,,24380676490.9327
2023-08-02T09:12:34.650Z,49406.249834,,24377736485.686348,,24377687079.436516
2023-08-02T10:13:38.804Z,49406.249834,,24376773975.46639,,24376724569.216557
2023-08-02T11:10:46.770Z,49406.249834,,24379416258.41342,,24379366852.16359
2023-08-02T12:26:16.138Z,49406.249834,,24375451233.176807,,24375401826.926975
2023-08-02T14:12:19.382Z,49406.249834,,24327384229.709335,,24327334823.459503
2023-08-02T15:12:36.526Z,49406.249834,,24324835602.14361,,24324786195.893776
2023-08-02T16:17:14.858Z,49406.249834,,24315457070.06571,,24315407663.815876
2023-08-02T17:11:20.658Z,49406.249834,,24285323353.652824,,24285273947.402992
2023-08-02T18:15:30.763Z,49406.249834,,24303104088.628613,,24303054682.37878
2023-08-02T19:10:32.160Z,49406.249834,,24300289849.116592,,24300240442.86676
2023-08-02T20:13:21.217Z,49406.249834,,24293359337.540154,,24293309931.29032
2023-08-02T21:11:04.357Z,49406.249834,,24311443472.470154,,24311394066.22032
2023-08-02T22:11:36.614Z,49406.249834,,24304627571.6521,,24304578165.402267
2023-08-02T23:12:06.090Z,49406.249834,,24304914019.12589,,24304864612.876057
2023-08-03T01:07:41.120Z,49406.249834,,24304870543.51249,,24304821137.262657
2023-08-03T02:26:32.375Z,49406.249834,,24313387445.80291,,24313338039.553078
2023-08-03T03:12:46.679Z,49406.249834,,24314846758.54791,,24314797352.298077
2023-08-03T04:15:36.769Z,49406.249834,,24314846758.54791,,24314797352.298077
2023-08-03T06:16:40.250Z,49406.249834,,24315988985.33152,,24315939579.081688
2023-08-03T08:16:17.843Z,49406.249834,,24314974653.83171,,24314925247.58188
2023-08-03T09:12:57.132Z,49406.249834,,24311654963.451714,,24311605557.20188
2023-08-03T10:13:56.326Z,49406.249834,,24298559256.535374,,24298509850.28554
2023-08-03T11:10:53.095Z,49406.249834,,24297884874.823654,,24297835468.573822
2023-08-03T12:26:54.114Z,49406.249834,,24288183598.63018,,24288134192.38035
2023-08-03T13:16:38.374Z,49406.249834,,24275682271.725372,,24275632865.47554
2023-08-03T14:12:15.380Z,49406.249834,,24263746186.93537,,24263696780.68554
2023-08-03T15:13:28.134Z,49406.249834,,24244727554.89537,,24244678148.64554
2023-08-03T16:15:42.760Z,49406.249834,,24226564634.98816,,24226515228.738327
2023-08-03T17:11:35.737Z,49406.249834,,24203858039.185307,,24203808632.935474
2023-08-03T18:16:11.398Z,49406.249834,,24198769063.958336,,24198719657.708504
2023-08-03T19:10:16.197Z,49406.249834,,24215144288.375046,,24215094882.125214
2023-08-03T20:13:03.409Z,49406.249834,,24191504962.750713,,24191455556.50088
2023-08-03T21:11:04.941Z,49406.249834,,24196521368.22767,,24196471961.977837
2023-08-03T22:11:45.772Z,49406.249834,,24226363441.069344,,24226314034.81951
2023-08-03T23:12:23.965Z,49406.249834,,24226402914.045853,,24226353507.79602
2023-08-04T01:09:58.747Z,49406.249834,,24227821392.195896,,24227771985.946064
2023-08-04T02:27:25.334Z,49406.249834,,24227941615.021004,,24227892208.77117
2023-08-04T03:13:12.684Z,49406.249834,,24230791106.801643,,24230741700.55181
2023-08-04T04:15:27.570Z,49406.249834,,24230791106.801643,,24230741700.55181
2023-08-04T05:12:10.864Z,49406.249834,,24216368051.392162,,24216318645.14233
2023-08-04T06:16:52.144Z,49406.249834,,24216364945.218136,,24216315538.968304
2023-08-04T07:11:40.533Z,49406.249834,,24217689811.598137,,24217640405.348305
2023-08-04T08:16:07.621Z,49406.249834,,24209740974.764538,,24209691568.514706
2023-08-04T09:12:37.087Z,49406.249834,,24199283228.06662,,24199233821.816788
2023-08-04T10:13:24.624Z,49406.249834,,24189255290.548157,,24189205884.298325
2023-08-04T11:10:48.308Z,49406.249834,,24189250880.13566,,24189201473.885826
2023-08-04T12:25:13.945Z,49406.249834,,24188933056.944767,,24188883650.694935
2023-08-04T13:15:27.310Z,49406.249834,,24173156463.615597,,24173107057.365765
2023-08-04T14:11:54.225Z,49406.249834,,24169042728.64565,,24168993322.395817
2023-08-04T15:13:06.362Z,49406.249834,,24165963035.780502,,24165913629.53067
2023-08-04T16:16:17.231Z,49406.249834,,24088431441.12547,,24088382034.875637
2023-08-04T17:11:11.507Z,49406.249834,,24137786817.42597,,24137737411.176136
2023-08-04T18:16:19.332Z,49406.249834,,24144931132.59636,,24144881726.346527
2023-08-04T19:10:37.956Z,49406.249834,,24146601943.003582,,24146552536.75375
2023-08-04T20:13:09.778Z,49406.249834,,24140252795.739895,,24140203389.490063
2023-08-04T21:10:43.493Z,49406.249834,,24150665192.379894,,24150615786.130062
2023-08-04T22:11:47.270Z,49406.249834,,24159540120.970997,,24159490714.721165
2023-08-04T23:12:04.536Z,49406.249834,,24159839620.476997,,24159790214.227165
2023-08-05T01:06:20.010Z,49406.249834,,24160721739.124855,,24160672332.875023
2023-08-05T02:24:56.592Z,49406.249834,,24160721389.774853,,24160671983.52502
2023-08-05T03:12:50.062Z,49406.249834,,24161221222.15161,,24161171815.90178
2023-08-05T04:14:39.346Z,49406.249834,,24162234274.50058,,24162184868.250748
2023-08-05T05:11:12.221Z,49406.249834,,24162232292.650578,,24162182886.400745
2023-08-05T06:15:18.357Z,49406.249834,,24163214929.504223,,24163165523.25439
2023-08-05T07:10:48.553Z,49406.249834,,24163206193.475414,,24163156787.225582
2023-08-05T08:14:51.273Z,49406.249834,,24163164635.978474,,24163115229.72864
2023-08-05T09:11:15.211Z,49406.249834,,24163164532.297222,,24163115126.04739
2023-08-05T10:11:50.143Z,49406.249834,,24163063870.787006,,24163014464.537174
2023-08-05T11:10:04.769Z,49406.249834,,24162963957.313293,,24162914551.06346
2023-08-05T12:23:16.520Z,49406.249834,,24163046024.318474,,24162996618.06864
2023-08-05T13:13:42.550Z,49406.249834,,24163042981.74986,,24162993575.500027
2023-08-05T14:10:30.441Z,49406.249834,,24163039896.679855,,24162990490.430023
2023-08-05T15:11:44.869Z,49406.249834,,24163035108.869934,,24162985702.620102
2023-08-05T16:15:03.443Z,49406.249834,,24163967448.009464,,24163918041.759632
2023-08-05T17:10:27.207Z,49406.249834,,24163787864.097027,,24163738457.847195
2023-08-05T18:14:33.111Z,49406.249834,,24163795357.59508,,24163745951.34525
2023-08-05T19:09:25.325Z,49406.249834,,24163845076.90468,,24163795670.654846
2023-08-05T20:12:16.886Z,49406.249834,,24164130028.622932,,24164080622.3731
2023-08-05T21:10:10.214Z,49406.249834,,24164091464.328056,,24164042058.078224
2023-08-05T22:11:05.586Z,49406.249834,,24164093396.81681,,24164043990.56698
2023-08-05T23:12:02.767Z,49406.249834,,24164093152.342075,,24164043746.092243
2023-08-06T01:03:25.785Z,49406.249834,,24163965440.781677,,24163916034.531845
2023-08-06T02:21:31.248Z,49406.249834,,24163974858.099117,,24163925451.849285
2023-08-06T03:13:04.829Z,49406.249834,,24163986863.952023,,24163937457.70219
2023-08-06T04:14:35.160Z,49406.249834,,24163996288.040424,,24163946881.790592
2023-08-06T06:15:49.230Z,49406.249834,,24164045911.320847,,24163996505.071014
2023-08-06T07:11:27.968Z,49406.249834,,24164045911.320847,,24163996505.071014
2023-08-06T08:14:22.553Z,49406.249834,,24164214971.319614,,24164165565.069782
2023-08-06T09:11:33.328Z,49406.249834,,24164214971.319614,,24164165565.069782
2023-08-06T10:12:23.623Z,49406.249834,,24164141935.044353,,24164092528.79452
2023-08-06T11:10:24.417Z,49406.249834,,24164134735.044353,,24164085328.79452
2023-08-06T12:22:22.461Z,49406.249834,,24164131243.044353,,24164081836.79452
2023-08-06T13:14:28.131Z,49406.249834,,24164120276.227947,,24164070869.978115
2023-08-06T14:10:46.944Z,49406.249834,,24164072347.636555,,24164022941.386723
2023-08-06T15:12:27.734Z,49406.249834,,24163873193.262108,,24163823787.012276
2023-08-06T16:16:12.476Z,49406.249834,,24163701429.833603,,24163652023.58377
2023-08-06T17:09:57.451Z,49406.249834,,24163684252.944157,,24163634846.694324
2023-08-06T18:14:34.846Z,49406.249834,,24163718537.04696,,24163669130.797127
2023-08-06T19:09:25.799Z,49406.249834,,24163686026.662712,,24163636620.41288
2023-08-06T20:13:00.607Z,49406.249834,,24163779255.479862,,24163729849.23003
2023-08-06T21:10:18.068Z,49406.249834,,24163746940.54346,,24163697534.29363
2023-08-06T22:10:55.728Z,49406.249834,,24163779577.927948,,24163730171.678116
2023-08-06T23:11:58.197Z,49406.249834,,24163779957.927948,,24163730551.678116
2023-08-07T01:08:35.505Z,49406.249834,,24163729861.32795,,24163680455.078117
2023-08-07T03:13:38.000Z,49406.249834,,24162670242.632786,,24162620836.382954
2023-08-07T04:15:35.739Z,49406.249834,,24157800980.90059,,24157751574.650757
2023-08-07T05:12:22.285Z,49406.249834,,24154785020.90059,,24154735614.650757
2023-08-07T06:17:20.105Z,49406.249834,,24154837933.320274,,24154788527.070442
2023-08-07T07:12:16.609Z,49406.249834,,24149598452.395386,,24149549046.145554
2023-08-07T08:17:06.377Z,49406.249834,,24146201570.69925,,24146152164.449417
2023-08-07T09:13:18.071Z,49406.249834,,24139844852.12764,,24139795445.877808
2023-08-07T10:14:30.746Z,49406.249834,,24133083850.42764,,24133034444.177807
2023-08-07T11:10:39.520Z,49406.249834,,24127535839.45919,,24127486433.20936
2023-08-07T12:26:47.188Z,49406.249834,,24119159002.66313,,24119109596.4133
2023-08-07T13:16:50.019Z,49406.249834,,24097179189.70428,,24097129783.45445
2023-08-07T15:13:43.271Z,49406.249834,,24101281519.186905,,24101232112.937073
2023-08-07T16:16:47.244Z,49406.249834,,24193986861.73165,,24193937455.48182
2023-08-07T17:11:25.835Z,49406.249834,,24191720183.54267,,24191670777.29284
2023-08-07T18:15:48.121Z,49406.249834,,24195524134.477604,,24195474728.22777
2023-08-07T19:10:20.417Z,49406.249834,,24124044951.247604,,24123995544.997772
2023-08-07T20:13:04.759Z,49406.249834,,24239996607.77269,,24239947201.522858
2023-08-07T22:12:08.512Z,49406.249834,,24255942981.230335,,24255893574.980503
2023-08-07T23:12:04.410Z,49406.249834,,24248112660.090336,,24248063253.840504
2023-08-08T01:05:50.687Z,49406.249834,,24249849775.877785,,24249800369.627953
2023-08-08T02:27:21.406Z,49406.249834,,24263723049.114597,,24263673642.864765
2023-08-08T04:15:17.693Z,49406.249834,,24263472972.97276,,24263423566.722927
2023-08-08T05:11:47.985Z,49406.249834,,24263022340.847355,,24262972934.597523
2023-08-08T06:16:34.009Z,49406.249834,,24262944857.485954,,24262895451.236122
2023-08-08T07:11:41.484Z,49406.249834,,24283512488.976166,,24283463082.726334
2023-08-08T08:16:12.700Z,49406.249834,,24282645044.243404,,24282595637.993572
2023-08-08T09:12:27.192Z,49406.249834,,24279945343.8431,,24279895937.59327
2023-08-08T10:13:42.768Z,49406.249834,,24276044193.046974,,24275994786.797142
2023-08-08T11:10:49.180Z,49406.249834,,24269428278.316353,,24269378872.06652
2023-08-08T12:25:59.817Z,49406.249834,,24266143195.7682,,24266093789.518368
2023-08-08T13:16:15.314Z,49406.249834,,24270353732.478203,,24270304326.22837
2023-08-08T14:12:01.485Z,49406.249834,,24238055834.796356,,24238006428.546524
2023-08-08T15:13:41.037Z,49406.249834,,24265187427.707024,,24265138021.45719
2023-08-08T16:17:23.809Z,49406.249834,,24262242973.43465,,24262193567.18482
2023-08-08T17:12:30.290Z,49406.249834,,24286934976.900303,,24286885570.65047
2023-08-08T18:17:22.564Z,49406.249834,,24306177023.435833,,24306127617.186
2023-08-08T19:10:33.440Z,49406.249834,,24336043266.26798,,24335993860.018147
2023-08-08T20:13:36.095Z,49406.249834,,24361465691.083122,,24361416284.83329
2023-08-08T21:11:30.702Z,49406.249834,,24384707080.020767,,24384657673.770935
2023-08-08T22:12:23.791Z,49406.249834,,24418955531.745773,,24418906125.49594
2023-08-08T23:12:45.177Z,49406.249834,,24418955954.63573,,24418906548.3859
2023-08-09T01:10:07.781Z,49406.249834,,24418926260.26151,,24418876854.011677
2023-08-09T02:27:46.925Z,49406.249834,,24419450736.159096,,24419401329.909264
2023-08-09T03:13:12.777Z,49406.249834,,24419469069.70767,,24419419663.457836
2023-08-09T04:15:38.843Z,49406.249834,,24420172604.191956,,24420123197.942123
2023-08-09T05:12:19.996Z,49406.249834,,24420261598.721954,,24420212192.472122
2023-08-09T06:17:15.621Z,49406.249834,,24420940813.718105,,24420891407.468273
2023-08-09T07:12:38.850Z,49406.249834,,24415945639.71724,,24415896233.467407
2023-08-09T08:17:55.104Z,49406.249834,,24421946576.142647,,24421897169.892815
2023-08-09T09:13:57.999Z,49406.249834,,24421981381.618645,,24421931975.368813
2023-08-09T10:14:32.308Z,49406.249834,,24402522360.353245,,24402472954.103413
2023-08-09T11:11:15.500Z,49406.249834,,24415971542.361168,,24415922136.111336
2023-08-09T12:28:01.136Z,49406.249834,,24407867898.650932,,24407818492.4011
2023-08-09T13:17:46.929Z,49406.249834,,24395214905.730934,,24395165499.481102
2023-08-09T14:13:00.699Z,49406.249834,,24390300994.44351,,24390251588.193676
2023-08-09T15:15:46.625Z,49406.249834,,24389184009.573227,,24389134603.323395
2023-08-09T16:19:27.567Z,49406.249834,,24390005832.1344,,24389956425.884567
2023-08-09T17:12:19.655Z,49406.249834,,24373741306.48724,,24373691900.237408
2023-08-09T18:17:12.757Z,49406.249834,,24373405772.391014,,24373356366.141182
2023-08-09T19:11:12.146Z,49406.249834,,24371851643.98549,,24371802237.735657
2023-08-09T20:14:08.500Z,49406.249834,,24372312375.9822,,24372262969.73237
2023-08-09T21:12:02.319Z,49406.249834,,24392468695.82699,,24392419289.577156
2023-08-09T22:12:16.560Z,49406.249834,,24416940818.80155,,24416891412.55172
2023-08-09T23:12:26.168Z,49406.249834,,24415078491.22155,,24415029084.971718
2023-08-10T01:09:14.820Z,49406.249834,,24409415734.64872,,24409366328.398888
2023-08-10T02:32:51.927Z,49406.249834,,24409530682.760838,,24409481276.511005
2023-08-10T03:13:26.440Z,49406.249834,,24409557342.820343,,24409507936.57051
2023-08-10T04:16:02.600Z,49406.249834,,24409554843.820343,,24409505437.57051
2023-08-10T05:12:38.375Z,49406.249834,,24384552981.141846,,24384503574.892014
2023-08-10T06:17:23.434Z,49406.249834,,24384557076.107037,,24384507669.857204
2023-08-10T07:12:18.912Z,49406.249834,,24384557026.944534,,24384507620.694702
2023-08-10T08:17:07.196Z,49406.249834,,24384579302.096962,,24384529895.84713
2023-08-10T09:13:28.631Z,49406.249834,,24387401164.902523,,24387351758.65269
2023-08-10T10:14:22.281Z,49406.249834,,24372740019.71749,,24372690613.46766
2023-08-10T11:11:31.358Z,49406.249834,,24370739820.334877,,24370690414.085045
2023-08-10T12:28:19.874Z,49406.249834,,24356662078.45336,,24356612672.20353
2023-08-10T13:18:19.374Z,49406.249834,,24341804766.14336,,24341755359.893528
2023-08-10T14:12:56.610Z,49406.249834,,24326015915.906902,,24325966509.65707
2023-08-10T15:14:08.610Z,49406.249834,,24305673152.934284,,24305623746.684452
2023-08-10T16:17:47.769Z,49406.249834,,24304560562.628567,,24304511156.378735
2023-08-10T17:11:30.746Z,49406.249834,,24282181379.7923,,24282131973.54247
2023-08-10T18:16:18.162Z,49406.249834,,24268653207.16541,,24268603800.915577
2023-08-10T19:10:17.378Z,49406.249834,,24271910202.455406,,24271860796.205574
2023-08-10T20:13:13.480Z,49406.249834,,24283891869.67166,,24283842463.42183
2023-08-10T21:11:13.641Z,49406.249834,,24260337393.743965,,24260287987.494133
2023-08-10T22:11:38.553Z,49406.249834,,24280813845.57893,,24280764439.329098
2023-08-10T23:12:33.587Z,49406.249834,,24280814983.302853,,24280765577.05302
2023-08-11T00:55:41.671Z,49406.249834,,24280840045.762363,,24280790639.51253
2023-08-11T01:43:27.352Z,49406.249834,,24280937867.687668,,24280888461.437836
2023-08-11T02:16:35.568Z,49406.249834,,24280937867.687668,,24280888461.437836
2023-08-11T03:13:06.772Z,49406.249834,,24278670954.959534,,24278621548.7097
2023-08-11T04:15:33.816Z,49406.249834,,24278701037.31517,,24278651631.06534
2023-08-11T05:12:07.743Z,49406.249834,,24278701037.31517,,24278651631.06534
2023-08-11T06:16:15.915Z,49406.249834,,24275769793.668354,,24275720387.41852
2023-08-11T07:12:09.476Z,49406.249834,,24250117134.120407,,24250067727.870575
2023-08-11T08:15:43.457Z,49406.249834,,24245220930.142593,,24245171523.89276
2023-08-11T09:12:16.569Z,49406.249834,,24239146292.822594,,24239096886.57276
2023-08-11T10:13:31.984Z,49406.249834,,24228526692.01497,,24228477285.765137
2023-08-11T11:10:38.664Z,49406.249834,,24179968101.44497,,24179918695.195137
2023-08-11T12:23:54.609Z,49406.249834,,24179084236.55558,,24179034830.305748
2023-08-11T13:14:43.543Z,49406.249834,,24170349078.67518,,24170299672.425346
2023-08-11T14:11:24.347Z,49406.249834,,24159914159.28944,,24159864753.039608
2023-08-11T15:12:59.495Z,49406.249834,,24237666347.17021,,24237616940.92038
2023-08-11T16:14:33.887Z,49406.249834,,24213901686.391773,,24213852280.14194
2023-08-11T17:11:19.873Z,49406.249834,,24209860013.01258,,24209810606.76275
2023-08-11T18:15:39.639Z,49406.249834,,24137862422.909264,,24137813016.65943
2023-08-11T19:10:08.036Z,49406.249834,,24151713199.24606,,24151663792.996227
2023-08-11T20:13:08.723Z,49406.249834,,24197866784.126087,,24197817377.876255
2023-08-11T21:10:40.749Z,49406.249834,,24211402641.54515,,24211353235.29532
2023-08-11T22:11:35.170Z,49406.249834,,24220670680.81566,,24220621274.565826
2023-08-11T23:11:53.120Z,49406.249834,,24226970557.385456,,24226921151.135624
2023-08-12T00:54:53.095Z,49406.249834,,24226979987.877087,,24226930581.627254
2023-08-12T01:41:28.865Z,49406.249834,,24226985797.66575,,24226936391.415916
2023-08-12T02:15:15.068Z,49406.249834,,24231985797.66575,,24231936391.415916
2023-08-12T03:12:25.488Z,49406.249834,,24232456834.247177,,24232407427.997345
2023-08-12T04:14:29.037Z,49406.249834,,24232547589.42009,,24232498183.170258
2023-08-12T05:11:26.639Z,49406.249834,,24232665069.7182,,24232615663.46837
2023-08-12T06:15:13.747Z,49406.249834,,24232673426.508434,,24232624020.258602
2023-08-12T07:10:47.140Z,49406.249834,,24232678313.810364,,24232628907.56053
2023-08-12T08:14:28.813Z,49406.249834,,24232735920.27345,,24232686514.023617
2023-08-12T09:11:11.338Z,49406.249834,,24232752070.527733,,24232702664.2779
2023-08-12T10:12:02.192Z,49406.249834,,24232755178.791874,,24232705772.54204
2023-08-12T11:09:32.344Z,49406.249834,,24233755178.791874,,24233705772.54204
2023-08-12T12:21:56.340Z,49406.249834,,24233892695.66228,,24233843289.41245
2023-08-12T13:13:04.258Z,49406.249834,,24233892200.68728,,24233842794.437447
2023-08-12T14:10:16.817Z,49406.249834,,24234012240.63632,,24233962834.386486
2023-08-12T15:11:37.603Z,49406.249834,,24233226761.90369,,24233177355.65386
2023-08-12T17:10:19.580Z,49406.249834,,24258597949.926357,,24258548543.676525
2023-08-12T18:14:25.418Z,49406.249834,,24258654259.885735,,24258604853.635902
2023-08-12T19:09:16.559Z,49406.249834,,24283718041.043556,,24283668634.793724
2023-08-12T20:12:06.235Z,49406.249834,,24283777797.715523,,24283728391.46569
2023-08-12T21:10:06.650Z,49406.249834,,24283795169.65156,,24283745763.40173
2023-08-12T22:10:56.493Z,49406.249834,,24283995883.782883,,24283946477.53305
2023-08-12T23:11:58.688Z,49406.249834,,24283998159.22729,,24283948752.97746
2023-08-13T00:59:07.703Z,49406.249834,,24286536230.130386,,24286486823.880554
2023-08-13T01:52:04.367Z,49406.249834,,24289078824.0458,,24289029417.795967
2023-08-13T02:17:17.510Z,49406.249834,,24289094700.858727,,24289045294.608894
2023-08-13T03:12:26.784Z,49406.249834,,24290864199.738728,,24290814793.488895
2023-08-13T04:14:22.755Z,49406.249834,,24292142734.058727,,24292093327.808895
2023-08-13T05:11:18.850Z,49406.249834,,24293345334.572823,,24293295928.32299
2023-08-13T06:15:06.314Z,49406.249834,,24293345334.572823,,24293295928.32299
2023-08-13T07:10:50.488Z,49406.249834,,24293345334.572823,,24293295928.32299
2023-08-13T08:14:18.998Z,49406.249834,,24293372324.315773,,24293322918.06594
2023-08-13T09:11:19.329Z,49406.249834,,24293375353.226456,,24293325946.976624
2023-08-13T10:12:38.972Z,49406.249834,,24293375236.280334,,24293325830.030502
2023-08-13T11:09:42.121Z,49406.249834,,24293380231.219505,,24293330824.969673
2023-08-13T12:21:49.266Z,49406.249834,,24293440016.274513,,24293390610.02468
2023-08-13T13:13:10.940Z,49406.249834,,24293933324.44034,,24293883918.190506
2023-08-13T15:10:14.326Z,49406.249834,,24294068597.706573,,24294019191.45674
2023-08-13T16:15:12.502Z,49406.249834,,24294162348.356575,,24294112942.106743
2023-08-13T17:10:17.089Z,49406.249834,,24294101929.620815,,24294052523.370983
2023-08-13T18:14:30.415Z,49406.249834,,24294129931.127724,,24294080524.87789
2023-08-13T19:09:22.456Z,49406.249834,,24319127249.738453,,24319077843.48862
2023-08-13T20:12:07.621Z,49406.249834,,24319162620.475224,,24319113214.22539
2023-08-13T21:10:16.741Z,49406.249834,,24319406827.42671,,24319357421.176876
2023-08-13T22:11:00.988Z,49406.249834,,24319396832.498688,,24319347426.248856
2023-08-13T23:11:49.737Z,49406.249834,,24319394022.529396,,24319344616.279564
2023-08-14T00:57:18.918Z,49406.249834,,24319420935.184494,,24319371528.93466
2023-08-14T01:49:02.723Z,49406.249834,,24319421971.465176,,24319372565.215343
2023-08-14T02:17:51.406Z,49406.249834,,24319420422.465176,,24319371016.215343
2023-08-14T03:13:01.443Z,49406.249834,,24320913304.907898,,24320863898.658066
2023-08-14T04:15:16.524Z,49406.249834,,24317770523.428722,,24317721117.17889
2023-08-14T05:12:14.901Z,49406.249834,,24317842715.736736,,24317793309.486904
2023-08-14T06:16:48.208Z,49406.249834,,24323837863.3306,,24323788457.08077
2023-08-14T07:12:25.330Z,49406.249834,,24313513116.952473,,24313463710.70264
2023-08-14T08:16:45.294Z,49406.249834,,24302864831.282845,,24302815425.033012
2023-08-14T09:12:53.187Z,49406.249834,,24301232156.08694,,24301182749.83711
2023-08-14T10:13:41.509Z,49406.249834,,24290623097.001167,,24290573690.751335
2023-08-14T11:10:36.504Z,49406.249834,,24283034862.001167,,24282985455.751335
2023-08-14T12:25:16.100Z,49406.249834,,24281930776.11101,,24281881369.86118
2023-08-14T13:15:27.784Z,49406.249834,,24262046774.837692,,24261997368.58786
2023-08-14T14:12:01.077Z,49406.249834,,24236285668.363262,,24236236262.11343
2023-08-14T15:11:59.334Z,49406.249834,,24237092000.47846,,24237042594.228626
2023-08-14T16:14:51.253Z,49406.249834,,24217740409.814198,,24217691003.564365
2023-08-14T17:12:05.330Z,49406.249834,,24127473816.037315,,24127424409.787483
2023-08-14T18:15:42.654Z,49406.249834,,24094652511.442165,,24094603105.192333
2023-08-14T19:10:24.611Z,49406.249834,,24098275187.48115,,24098225781.23132
2023-08-14T20:13:22.137Z,49406.249834,,24130787789.90443,,24130738383.6546
2023-08-14T21:11:11.705Z,49406.249834,,24140653239.074688,,24140603832.824856
2023-08-14T22:12:02.415Z,49406.249834,,24153112560.28335,,24153063154.03352
2023-08-14T23:12:03.199Z,49406.249834,,24153087566.683064,,24153038160.43323
2023-08-15T00:56:21.425Z,49406.249834,,24179782079.45306,,24179732673.203228
2023-08-15T01:46:45.744Z,49406.249834,,24185639344.88306,,24185589938.63323
2023-08-15T02:17:02.991Z,49406.249834,,24189485716.616264,,24189436310.366432
2023-08-15T03:12:58.993Z,49406.249834,,24153001877.10379,,24152952470.85396
2023-08-15T04:15:05.872Z,49406.249834,,24157176280.630955,,24157126874.381123
2023-08-15T05:11:59.511Z,49406.249834,,24158508314.066116,,24158458907.816284
2023-08-15T06:16:23.611Z,49406.249834,,24151649474.81432,,24151600068.564487
2023-08-15T07:12:04.797Z,49406.249834,,24147526094.02292,,24147476687.773087
2023-08-15T08:16:11.196Z,49406.249834,,24147518810.742447,,24147469404.492615
2023-08-15T09:12:16.458Z,49406.249834,,24147573392.906143,,24147523986.65631
2023-08-15T10:13:19.841Z,49406.249834,,24143821854.950806,,24143772448.700974
2023-08-15T11:10:26.894Z,49406.249834,,24134552051.035748,,24134502644.785915
2023-08-15T12:24:16.677Z,49406.249834,,24126622140.2941,,24126572734.04427
2023-08-15T13:14:49.008Z,49406.249834,,24115526820.615196,,24115477414.365364
2023-08-15T14:11:38.035Z,49406.249834,,24102625128.174377,,24102575721.924545
2023-08-15T15:12:22.495Z,49406.249834,,24100231379.044376,,24100181972.794544
2023-08-15T16:16:24.761Z,49406.249834,,24085512649.401752,,24085463243.15192
2023-08-15T17:11:14.636Z,49406.249834,,24087013983.850582,,24086964577.60075
2023-08-15T18:15:20.454Z,49406.249834,,24092374423.552273,,24092325017.30244
2023-08-15T19:10:06.868Z,49406.249834,,24112089968.68188,,24112040562.43205
2023-08-15T20:13:30.496Z,49406.249834,,24158928446.86188,,24158879040.61205
2023-08-15T21:11:15.391Z,49406.249834,,24171553855.359985,,24171504449.110153
2023-08-15T22:11:56.196Z,49406.249834,,24198059712.37783,,24198010306.128
2023-08-15T23:12:05.241Z,49406.249834,,24198051108.625652,,24198001702.37582
2023-08-16T00:56:12.626Z,49406.249834,,24197220840.86119,,24197171434.61136
2023-08-16T01:45:31.431Z,49406.249834,,24197010730.86347,,24196961324.613636
2023-08-16T02:17:13.680Z,49406.249834,,24199580255.942345,,24199530849.692513
2023-08-16T03:13:22.220Z,49406.249834,,24201910333.41952,,24201860927.16969
2023-08-16T04:15:32.793Z,49406.249834,,24213182159.45796,,24213132753.208126
2023-08-16T05:12:13.687Z,49406.249834,,24213195114.16017,,24213145707.91034
2023-08-16T06:16:27.782Z,49406.249834,,24213787497.779842,,24213738091.53001
2023-08-16T07:12:16.979Z,49406.249834,,24214822190.709843,,24214772784.46001
2023-08-16T08:16:12.929Z,49406.249834,,24224448039.312992,,24224398633.06316
2023-08-16T09:12:32.471Z,49406.249834,,24220524748.194252,,24220475341.94442
2023-08-16T10:13:25.263Z,49406.249834,,24216940887.577103,,24216891481.32727
2023-08-16T11:10:43.068Z,49406.249834,,24210797985.825977,,24210748579.576145
2023-08-16T12:24:28.176Z,49406.249834,,24208952453.07987,,24208903046.830036
2023-08-16T13:15:28.875Z,49406.249834,,24197893632.153023,,24197844225.90319
2023-08-16T14:11:44.171Z,49406.249834,,24187404523.560555,,24187355117.310722
2023-08-16T15:13:17.046Z,49406.249834,,24171599385.914757,,24171549979.664925
2023-08-16T16:16:30.611Z,49406.249834,,24176778818.84226,,24176729412.592426
2023-08-16T17:11:26.985Z,49406.249834,,24209208612.00832,,24209159205.758488
2023-08-16T18:15:41.007Z,49406.249834,,24197622737.8288,,24197573331.578968
2023-08-16T19:10:10.971Z,49406.249834,,24196720088.468803,,24196670682.21897
2023-08-16T20:12:56.282Z,49406.249834,,24195758476.679085,,24195709070.429253
2023-08-16T21:10:58.901Z,49406.249834,,24203594217.70673,,24203544811.456898
2023-08-16T22:12:10.096Z,49406.249834,,24233542037.70673,,24233492631.456898
2023-08-16T23:12:29.250Z,49406.249834,,24234037784.031654,,24233988377.781822
2023-08-17T00:55:24.900Z,49406.249834,,24238378332.137188,,24238328925.887356
2023-08-17T01:41:57.268Z,49406.249834,,24238378068.61584,,24238328662.36601
2023-08-17T02:15:53.165Z,49406.249834,,24238479255.542873,,24238429849.29304
2023-08-17T03:12:57.937Z,49406.249834,,24238477408.093388,,24238428001.843555
2023-08-17T04:15:03.314Z,49406.249834,,24238496302.41043,,24238446896.1606
2023-08-17T05:12:09.580Z,49406.249834,,24238509480.513687,,24238460074.263855
2023-08-17T06:16:33.414Z,49406.249834,,24238518327.114746,,24238468920.864914
2023-08-17T07:11:39.919Z,49406.249834,,24238513212.244747,,24238463805.994915
2023-08-17T08:15:40.034Z,49406.249834,,24237269243.83861,,24237219837.58878
2023-08-17T09:12:17.707Z,49406.249834,,24212121671.70669,,24212072265.45686
2023-08-17T10:13:02.505Z,49406.249834,,24204767794.69991,,24204718388.450077
2023-08-17T11:10:24.990Z,49406.249834,,24195924583.338985,,24195875177.089153
2023-08-17T12:23:55.626Z,49406.249834,,24182112991.807583,,24182063585.55775
2023-08-17T13:14:36.444Z,49406.249834,,24180763495.73285,,24180714089.483017
2023-08-17T14:11:39.843Z,49406.249834,,24183611775.80285,,24183562369.553017
2023-08-17T15:12:39.578Z,49439.910476,,24134983644.108276,,24134934204.1978
2023-08-17T16:16:30.947Z,49444.636658,,24100838573.47235,,24100789128.835693
2023-08-17T17:11:10.235Z,49444.636658,,24092692619.938583,,24092643175.301926
2023-08-17T18:16:12.824Z,49444.636658,,24151628409.523148,,24151578964.88649
2023-08-17T19:10:27.538Z,49444.636658,,24288755355.52888,,24288705910.892223
2023-08-17T20:13:32.144Z,49444.636658,,24292591269.949085,,24292541825.312428
2023-08-17T21:11:11.076Z,49444.636658,,24248741423.662918,,24248691979.02626
2023-08-17T22:11:52.434Z,49444.636658,,24255214806.76893,,24255165362.13227
2023-08-17T23:12:26.523Z,49444.636658,,24259024135.437607,,24258974690.80095
2023-08-18T00:55:55.044Z,49444.636658,,24353489926.80686,,24353440482.170204
2023-08-18T01:44:06.314Z,49444.636658,,24363115628.55734,,24363066183.92068
2023-08-18T02:17:09.174Z,49444.636658,,24363515601.25017,,24363466156.613514
2023-08-18T03:13:06.846Z,49444.636658,,24363634641.824326,,24363585197.187668
2023-08-18T04:15:19.707Z,49444.636658,,24365774901.298096,,24365725456.661438
2023-08-18T05:11:50.467Z,49444.636658,,24365622338.810734,,24365572894.174076
2023-08-18T06:16:34.441Z,49444.636658,,24366800083.125942,,24366750638.489285
2023-08-18T07:11:35.718Z,49444.636658,,24366646016.794895,,24366596572.158237
2023-08-18T08:15:43.394Z,49444.636658,,24360595395.581905,,24360545950.945248
2023-08-18T09:12:28.574Z,49444.636658,,24355561787.215637,,24355512342.57898
2023-08-18T10:13:13.846Z,49444.636658,,24355561687.86564,,24355512243.22898
2023-08-18T11:10:23.411Z,49444.636658,,24347533230.562763,,24347483785.926105
2023-08-18T12:23:48.361Z,49444.636658,,24333145439.32234,,24333095994.68568
2023-08-18T13:14:59.041Z,49444.636658,,24327143650.59859,,24327094205.961933
2023-08-18T14:11:25.356Z,49444.636658,,24324675886.005356,,24324626441.3687
2023-08-18T15:12:50.285Z,49444.636658,,24294415313.5914,,24294365868.954742
2023-08-18T16:16:37.553Z,49444.636658,,24291586603.773132,,24291537159.136475
2023-08-18T17:11:11.386Z,49444.636658,,24290592432.23576,,24290542987.599102
2023-08-18T18:15:19.416Z,49444.636658,,24261330329.511887,,24261280884.87523
2023-08-18T19:10:22.763Z,49444.636658,,24112243254.28924,,24112193809.652584
2023-08-18T20:12:52.802Z,49444.636658,,24048830560.365967,,24048781115.72931
2023-08-18T21:10:46.981Z,49444.636658,,24048454988.902363,,24048405544.265705
2023-08-18T22:11:37.146Z,49444.636658,,24062538036.009453,,24062488591.372795
2023-08-18T23:12:03.823Z,49444.636658,,24063851470.36688,,24063802025.73022
2023-08-19T00:54:28.677Z,49444.636658,,24064017674.27737,,24063968229.640713
2023-08-19T01:40:19.352Z,49444.636658,,24072364877.183434,,24072315432.546776
2023-08-19T02:14:16.284Z,49444.636658,,24072316306.58343,,24072266861.946774
2023-08-19T03:13:26.892Z,49444.636658,,24095069182.671974,,24095019738.035316
2023-08-19T04:14:30.031Z,49444.636658,,24095066177.32197,,24095016732.685314
2023-08-19T05:11:09.293Z,49444.636658,,24101602505.835934,,24101553061.199276
2023-08-19T06:14:58.672Z,49444.636658,,24108221326.728546,,24108171882.09189
2023-08-19T07:10:59.433Z,49444.636658,,24108206760.956852,,24108157316.320194
2023-08-19T08:14:05.941Z,49444.636658,,24108206397.226013,,24108156952.589355
2023-08-19T09:10:47.267Z,49444.636658,,24108203397.226013,,24108153952.589355
2023-08-19T10:12:11.905Z,49444.636658,,24108210727.641266,,24108161283.00461
2023-08-19T11:09:28.072Z,49444.636658,,24108210609.466267,,24108161164.82961
2023-08-19T12:21:23.170Z,49444.636658,,24108210609.466267,,24108161164.82961
2023-08-19T13:14:10.605Z,49444.636658,,24108205514.466267,,24108156069.82961
2023-08-19T14:10:07.423Z,49444.636658,,24108204651.027264,,24108155206.390606
2023-08-19T15:11:23.405Z,49444.636658,,24108193523.196865,,24108144078.560207
2023-08-19T16:14:28.575Z,49444.636658,,24108038937.169888,,24107989492.53323
2023-08-19T17:10:20.678Z,49444.636658,,24108074973.51433,,24108025528.877674
2023-08-19T18:14:02.549Z,49444.636658,,24108067303.842697,,24108017859.20604
2023-08-19T19:09:05.220Z,49444.636658,,24107068337.71225,,24107018893.075592
2023-08-19T19:50:17.529Z,49444.636658,,24107068337.71225,,24107018893.075592
2023-08-19T20:12:03.957Z,49444.636658,,24107085746.081997,,24107036301.44534
2023-08-19T21:09:51.812Z,49444.636658,,24107081875.60651,,24107032430.969852
2023-08-19T22:11:07.906Z,49444.636658,,24107081687.483864,,24107032242.847206
2023-08-19T23:11:40.287Z,49444.636658,,24107507323.169106,,24107457878.532448
2023-08-20T00:58:39.164Z,49444.636658,,24107526959.83677,,24107477515.20011
2023-08-20T01:51:18.874Z,49444.636658,,24107838226.60427,,24107788781.967613
2023-08-20T02:16:40.263Z,49444.636658,,24107246863.294773,,24107197418.658115
2023-08-20T03:12:57.084Z,49444.636658,,24107249990.538116,,24107200545.90146
2023-08-20T04:14:36.407Z,49444.636658,,24107249941.160583,,24107200496.523926
2023-08-20T05:11:24.059Z,49444.636658,,24107255336.263683,,24107205891.627026
2023-08-20T06:15:12.776Z,49444.636658,,24107255437.794853,,24107205993.158195
2023-08-20T07:10:44.445Z,49444.636658,,24107274667.06644,,24107225222.429783
2023-08-20T08:14:18.778Z,49444.636658,,24107272688.172188,,24107223243.53553
2023-08-20T09:14:16.039Z,49444.636658,,24107268891.430008,,24107219446.79335
2023-08-20T10:12:04.617Z,49444.997057,,24107279924.939445,,24107230479.942387
2023-08-20T11:09:28.317Z,49444.997057,,24107277674.57305,,24107228229.575993
2023-08-20T12:21:34.205Z,49444.997057,,24107269275.390785,,24107219830.393726
2023-08-20T13:13:03.117Z,49444.997057,,24107339282.06477,,24107289837.06771
2023-08-20T14:10:05.420Z,49444.997057,,24107344344.183807,,24107294899.18675
2023-08-20T15:11:37.114Z,49444.997057,,24107376262.69547,,24107326817.69841
2023-08-20T16:14:59.000Z,49444.997057,,24107233718.309376,,24107184273.312317
2023-08-20T17:10:06.725Z,49444.997057,,24112538978.530186,,24112489533.533127
2023-08-20T18:14:13.119Z,49444.997057,,24112549728.026936,,24112500283.029877
2023-08-20T19:10:20.771Z,49444.997057,,24112357410.033535,,24112307965.036476
2023-08-20T20:12:14.246Z,49444.997057,,24112363612.83215,,24112314167.83509
2023-08-20T21:10:12.723Z,49444.997057,,24112364789.183887,,24112315344.18683
2023-08-20T22:11:01.323Z,49444.997057,,24112276497.246338,,24112227052.24928
2023-08-20T23:11:43.326Z,49444.997057,,24112276497.246338,,24112227052.24928
2023-08-21T00:56:30.603Z,49444.997057,,24112252222.61705,,24112202777.61999
2023-08-21T01:46:15.684Z,49444.997057,,24126149965.602203,,24126100520.605145
2023-08-21T02:17:10.370Z,49444.997057,,24126146734.714176,,24126097289.717117
2023-08-21T03:13:19.731Z,49444.997057,,24125943380.714176,,24125893935.717117
2023-08-21T04:15:18.320Z,49444.997057,,24126165054.950012,,24126115609.952953
2023-08-21T05:12:15.336Z,49444.997057,,24131610729.785015,,24131561284.787956
2023-08-21T06:16:56.909Z,49444.997057,,24131607734.13922,,24131558289.142162
2023-08-21T07:12:02.601Z,49444.997057,,24131607304.06369,,24131557859.06663
2023-08-21T08:17:10.097Z,49444.997057,,24135672991.93774,,24135623546.94068
2023-08-21T09:13:14.134Z,49444.997057,,24131125420.657845,,24131075975.660786
2023-08-21T10:13:48.961Z,49444.997057,,24119486939.14875,,24119437494.15169
2023-08-21T11:10:38.114Z,49444.997057,,24118397635.298428,,24118348190.30137
2023-08-21T12:24:57.725Z,49444.997057,,24115051661.727318,,24115002216.73026
2023-08-21T13:16:06.004Z,49444.997057,,24095381398.87561,,24095331953.87855
2023-08-21T14:12:15.226Z,49444.997057,,24081538131.47358,,24081488686.47652
2023-08-21T15:13:05.575Z,49444.997057,,24074826230.553104,,24074776785.556046
2023-08-21T16:16:42.365Z,49444.997057,,24087691449.0824,,24087642004.085342
2023-08-21T17:11:14.865Z,49444.997057,,24070545910.53082,,24070496465.53376
2023-08-21T18:14:38.690Z,49444.997057,,24095521870.7909,,24095472425.793842
2023-08-21T19:10:12.289Z,49444.997057,,24126524561.987053,,24126475116.989994
2023-08-21T20:13:24.189Z,49444.997057,,24129818819.789757,,24129769374.792698
2023-08-21T21:11:17.121Z,49444.997057,,24154305590.34817,,24154256145.351112
2023-08-21T22:11:47.809Z,49444.997057,,24151433365.630657,,24151383920.6336
2023-08-21T23:12:37.774Z,49444.997057,,24151436837.049847,,24151387392.052788
2023-08-22T00:57:03.442Z,49444.997057,,24151549200.000507,,24151499755.00345
2023-08-22T01:49:27.613Z,49444.997057,,24151549330.848568,,24151499885.85151
2023-08-22T02:17:41.310Z,49444.997057,,24151541282.49857,,24151491837.50151
2023-08-22T03:13:14.355Z,49444.997057,,24152043555.17459,,24151994110.177532
2023-08-22T04:15:21.230Z,49444.997057,,24161992348.03802,,24161942903.040962
2023-08-22T05:11:56.189Z,49444.997057,,24161970348.142803,,24161920903.145744
2023-08-22T06:16:50.452Z,49444.997057,,24152832516.828037,,24152783071.83098
2023-08-22T07:11:56.456Z,49444.997057,,24150979222.28736,,24150929777.290302
2023-08-22T08:16:31.304Z,49444.997057,,24150952025.63172,,24150902580.634663
2023-08-22T09:12:33.191Z,49444.997057,,24149093484.11465,,24149044039.11759
2023-08-22T10:13:49.296Z,49444.997057,,24148542182.63465,,24148492737.637592
2023-08-22T11:10:37.511Z,49444.997057,,24144221572.067028,,24144172127.06997
2023-08-22T12:24:59.389Z,49444.997057,,24135114066.370785,,24135064621.373726
2023-08-22T13:15:53.508Z,49444.997057,,24127385102.10468,,24127335657.10762
2023-08-22T14:12:02.371Z,49444.997057,,24108443953.60204,,24108394508.60498
2023-08-22T15:13:25.668Z,49444.997057,,24078362896.95837,,24078313451.96131
2023-08-22T16:16:28.769Z,49444.997057,,24072727187.73227,,24072677742.73521
2023-08-22T17:11:36.562Z,49444.997057,,24067261698.647163,,24067212253.650105
2023-08-22T18:15:55.174Z,49444.997057,,24076142027.59174,,24076092582.59468
2023-08-22T19:10:13.390Z,49444.997057,,24070971302.809284,,24070921857.812225
2023-08-22T20:13:20.147Z,49444.997057,,24097846957.23369,,24097797512.23663
2023-08-22T21:11:03.603Z,49444.997057,,24100823381.27369,,24100773936.27663
2023-08-22T22:11:43.319Z,49444.997057,,24099531344.25191,,24099481899.254852
2023-08-22T23:12:14.551Z,49444.997057,,24099569357.76012,,24099519912.76306
2023-08-23T00:56:17.509Z,49444.997057,,24124682009.489075,,24124632564.492016
2023-08-23T01:45:32.327Z,49444.997057,,24124678914.124073,,24124629469.127014
2023-08-23T03:13:30.139Z,49444.997057,,24124691517.948895,,24124642072.951836
2023-08-23T04:15:08.732Z,49444.997057,,24121327670.75223,,24121278225.755173
2023-08-23T05:11:36.085Z,49444.997057,,24121271444.812084,,24121221999.815025
2023-08-23T06:16:53.585Z,49444.997057,,24121231765.22974,,24121182320.23268
2023-08-23T07:11:55.407Z,49444.997057,,24115985210.023544,,24115935765.026485
2023-08-23T08:16:31.314Z,49444.997057,,24115680157.254456,,24115630712.257397
2023-08-23T09:12:33.684Z,49444.997057,,24115713732.30048,,24115664287.30342
2023-08-23T10:13:27.077Z,49444.997057,,24114992320.3509,,24114942875.35384
2023-08-23T11:10:24.699Z,49444.997057,,24117316165.452263,,24117266720.455204
2023-08-23T12:25:06.065Z,49444.997057,,24116769166.391003,,24116719721.393944
2023-08-23T13:15:46.469Z,49444.997057,,24103046560.193542,,24102997115.196484
2023-08-23T14:11:50.202Z,49444.997057,,24092021421.993767,,24091971976.996708
2023-08-23T15:13:06.172Z,49444.997057,,24095344783.640118,,24095295338.64306
2023-08-23T16:16:31.501Z,49444.997057,,24085002783.2942,,24084953338.297142
2023-08-23T17:10:51.356Z,49444.997057,,24097457437.24402,,24097407992.24696
2023-08-23T18:14:12.551Z,49444.997057,,24104971919.81724,,24104922474.820183
2023-08-23T19:09:55.443Z,49444.997057,,24113775273.197243,,24113725828.200184
2023-08-23T20:12:51.269Z,49444.997057,,24114394632.26767,,24114345187.27061
2023-08-23T21:11:14.977Z,49444.997057,,24147053464.863106,,24147004019.866047
2023-08-23T22:11:40.327Z,49444.997057,,24196350782.326794,,24196301337.329735
2023-08-23T23:12:53.423Z,49444.997057,,24191336864.826054,,24191287419.828995
2023-08-24T00:56:06.780Z,49444.997057,,24191033743.188065,,24190984298.191006
2023-08-24T01:45:25.299Z,49444.997057,,24196629322.55814,,24196579877.56108
2023-08-24T02:17:38.636Z,49444.997057,,24196631368.577473,,24196581923.580414
2023-08-24T03:13:20.416Z,49444.997057,,24196631075.633286,,24196581630.636227
2023-08-24T04:14:57.500Z,49444.997057,,24197465260.400093,,24197415815.403034
2023-08-24T05:12:00.585Z,49444.997057,,24197461950.863255,,24197412505.866196
2023-08-24T06:16:41.908Z,49444.997057,,24210738601.856094,,24210689156.859035
2023-08-24T07:12:00.167Z,49444.997057,,24211072475.545166,,24211023030.548107
2023-08-24T08:16:17.027Z,49444.997057,,24201396591.060932,,24201347146.063873
2023-08-24T09:12:33.039Z,49444.997057,,24194664198.850643,,24194614753.853584
2023-08-24T10:13:30.869Z,49444.997057,,24182098578.54517,,24182049133.54811
2023-08-24T11:10:35.612Z,49444.997057,,24171456222.13246,,24171406777.135403
2023-08-24T12:27:19.797Z,49444.997057,,24168061171.87226,,24168011726.875202
2023-08-24T13:16:04.988Z,49444.997057,,24153923391.989326,,24153873946.992268
2023-08-24T14:11:57.890Z,49444.997057,,24133059868.4924,,24133010423.495342
2023-08-24T15:13:14.424Z,49444.997057,,24132872747.904877,,24132823302.907818
2023-08-24T16:16:39.930Z,49444.997057,,24095470296.744854,,24095420851.747795
2023-08-24T17:11:39.324Z,49444.997057,,24096338518.995415,,24096289073.998356
2023-08-24T18:16:01.734Z,49444.997057,,24062577510.25519,,24062528065.258133
2023-08-24T19:10:23.158Z,49444.997057,,24058010938.632153,,24057961493.635094
2023-08-24T20:13:27.490Z,49444.997057,,24058280105.03139,,24058230660.034332
2023-08-24T21:11:02.493Z,49444.997057,,24078773325.97436,,24078723880.977303
2023-08-24T22:11:55.504Z,49444.997057,,24076897571.492306,,24076848126.495247
2023-08-24T23:12:44.773Z,49444.997057,,24078523776.86013,,24078474331.86307
2023-08-25T00:57:30.948Z,49444.997057,,24078515998.89945,,24078466553.90239
2023-08-25T01:50:51.583Z,49444.997057,,24078545716.07691,,24078496271.07985
2023-08-25T02:18:50.731Z,49444.997057,,24078545567.4787,,24078496122.48164
2023-08-25T03:13:31.966Z,49444.997057,,24078516123.87579,,24078466678.87873
2023-08-25T04:15:27.419Z,49444.997057,,24078523570.4029,,24078474125.40584
2023-08-25T05:11:44.607Z,49445.973912999994,,24078521282.26648,,24078471836.29257
2023-08-25T06:16:49.183Z,49445.973912999994,,24077225451.471416,,24077176005.497505
2023-08-25T07:12:01.388Z,49445.973912999994,,24076645766.715904,,24076596320.741993
2023-08-25T08:16:08.789Z,49445.973912999994,,24074145576.65677,,24074096130.682858
2023-08-25T09:12:26.175Z,49445.973912999994,,24070615256.44266,,24070565810.46875
2023-08-25T10:13:27.275Z,49445.973912999994,,24067084360.54179,,24067034914.56788
2023-08-25T11:10:34.775Z,49445.973912999994,,24060422341.464634,,24060372895.490723
2023-08-25T12:24:36.674Z,49445.973912999994,,24059303857.980278,,24059254412.006367
2023-08-25T13:15:15.293Z,49445.973912999994,,24048233589.65536,,24048184143.68145
2023-08-25T14:11:39.562Z,49445.973912999994,,24052653703.684,,24052604257.710087
2023-08-25T15:13:10.286Z,49445.973912999994,,24074160573.300846,,24074111127.326935
2023-08-25T16:16:37.463Z,49445.973912999994,,24043815704.04057,,24043766258.066658
2023-08-25T17:11:23.169Z,49445.973912999994,,24040108094.012535,,24040058648.038624
2023-08-25T18:15:52.741Z,49445.973912999994,,24041452201.324337,,24041402755.350426
2023-08-25T19:10:22.874Z,49445.973912999994,,24049622103.20851,,24049572657.2346
2023-08-25T20:13:12.439Z,49445.973912999994,,24057781154.240566,,24057731708.266655
2023-08-25T21:11:02.133Z,49445.973912999994,,24063302202.203873,,24063252756.22996
2023-08-25T22:12:05.332Z,49445.973912999994,,24098099134.319904,,24098049688.345993
2023-08-25T23:13:03.695Z,49445.973912999994,,24130019082.941376,,24129969636.967464
2023-08-26T00:55:16.306Z,49445.973912999994,,24155011234.23347,,24154961788.25956
2023-08-26T01:42:20.351Z,49445.973912999994,,24155130102.26465,,24155080656.290737
2023-08-26T02:15:44.767Z,49445.973912999994,,24155130102.26465,,24155080656.290737
2023-08-26T03:12:55.281Z,49445.973912999994,,24155139853.684914,,24155090407.711002
2023-08-26T04:14:39.698Z,49445.973912999994,,24155122368.72725,,24155072922.753338
2023-08-26T05:11:19.382Z,49445.973912999994,,24155143176.063904,,24155093730.089993
2023-08-26T06:15:35.677Z,49445.973912999994,,24155193367.452602,,24155143921.47869
2023-08-26T07:10:40.263Z,49445.973912999994,,24155193651.730396,,24155144205.756485
2023-08-26T08:14:35.165Z,49445.973912999994,,24155135418.85171,,24155085972.8778
2023-08-26T09:11:15.984Z,49445.973912999994,,24155133642.32471,,24155084196.3508
2023-08-26T10:12:52.407Z,49445.973912999994,,24154916759.152016,,24154867313.178104
2023-08-26T12:21:44.751Z,49445.973912999994,,24159877909.924267,,24159828463.950356
2023-08-26T13:13:47.701Z,49445.973912999994,,24163574834.174267,,24163525388.200356
2023-08-26T14:10:32.502Z,49445.973912999994,,24164574777.18815,,24164525331.214237
2023-08-26T15:12:21.294Z,49445.973912999994,,24191222672.00148,,24191173226.02757
2023-08-26T16:14:55.444Z,49445.973912999994,,24188970847.561424,,24188921401.587513
2023-08-26T17:10:43.653Z,49445.973912999994,,24188449314.42045,,24188399868.446537
2023-08-26T18:14:47.809Z,49445.973912999994,,24188449458.97722,,24188400013.003307
