timestamp,usd
2023-07-02T22:54:27.027Z,0.993837
2023-07-02T23:13:56.942Z,0.999009
2023-07-03T00:08:06.498Z,1.001
2023-07-03T01:26:37.464Z,1
2023-07-03T02:56:04.704Z,0.999395
2023-07-03T03:25:16.351Z,1
2023-07-03T04:18:22.090Z,1
2023-07-03T05:14:42.373Z,0.99917
2023-07-03T06:19:49.542Z,0.999589
2023-07-03T07:13:50.751Z,0.999878
2023-07-03T08:18:59.553Z,0.999861
2023-07-03T09:15:11.879Z,1
2023-07-03T10:16:01.658Z,1.001
2023-07-03T11:12:12.790Z,1
2023-07-03T12:32:49.388Z,1
2023-07-03T13:24:35.562Z,1
2023-07-03T14:13:38.777Z,1.001
2023-07-03T15:15:26.287Z,0.995253
2023-07-03T16:18:46.916Z,1
2023-07-03T17:12:57.045Z,0.998647
2023-07-03T18:17:59.411Z,1.001
2023-07-03T19:12:11.655Z,1.002
2023-07-03T20:16:09.532Z,0.998112
2023-07-03T21:13:07.405Z,0.999981
2023-07-03T22:14:28.852Z,1
2023-07-03T23:15:28.726Z,0.999602
2023-07-04T01:25:22.530Z,1.001
2023-07-04T02:58:14.587Z,1.001
2023-07-04T03:30:14.759Z,0.99997
2023-07-04T04:18:25.435Z,0.999672
2023-07-04T05:14:43.076Z,1
2023-07-04T06:20:18.602Z,0.99962
2023-07-04T07:14:09.397Z,0.999645
2023-07-04T08:19:25.504Z,0.999716
2023-07-04T09:15:17.633Z,0.999797
2023-07-04T10:17:09.956Z,1.001
2023-07-04T11:12:53.517Z,1
2023-07-04T12:31:09.525Z,0.999822
2023-07-04T13:24:32.130Z,0.999569
2023-07-04T14:13:50.166Z,1
2023-07-04T15:15:39.783Z,0.99972
2023-07-04T16:20:05.541Z,1
2023-07-04T17:13:43.612Z,0.999672
2023-07-04T18:19:16.744Z,0.99979
2023-07-04T19:12:06.348Z,0.999059
2023-07-04T20:16:13.062Z,1.001
2023-07-04T21:13:23.177Z,1.001
2023-07-04T22:11:28.185Z,0.99996
2023-07-04T23:15:09.334Z,1
2023-07-05T01:25:44.370Z,0.999959
2023-07-05T02:57:23.541Z,0.999257
2023-07-05T03:29:35.466Z,1
2023-07-05T04:19:18.816Z,1
2023-07-05T05:15:28.178Z,0.999569
2023-07-05T06:20:52.357Z,0.999792
2023-07-05T07:15:18.718Z,0.999891
2023-07-05T08:20:12.070Z,0.99955
2023-07-05T09:15:49.634Z,1
2023-07-05T10:16:59.891Z,0.999379
2023-07-05T11:12:56.212Z,0.998126
2023-07-05T12:33:36.476Z,0.999771
2023-07-05T13:26:45.921Z,0.999983
2023-07-05T14:14:57.462Z,1.001
2023-07-05T15:16:19.696Z,0.999176
2023-07-05T16:21:05.868Z,1
2023-07-05T17:13:52.502Z,1
2023-07-05T18:19:17.990Z,1.001
2023-07-05T19:12:28.753Z,0.99983
2023-07-05T20:16:43.813Z,0.999675
2023-07-05T21:13:56.338Z,0.999647
2023-07-05T21:46:46.220Z,0.999947
2023-07-05T22:15:11.202Z,0.999531
2023-07-05T23:15:14.169Z,0.999518
2023-07-06T01:26:49.106Z,0.999448
2023-07-06T02:59:28.280Z,0.999753
2023-07-06T03:32:24.112Z,0.999985
2023-07-06T04:19:22.190Z,0.999921
2023-07-06T05:15:12.744Z,0.999944
2023-07-06T06:20:38.060Z,0.999778
2023-07-06T07:14:58.927Z,1.001
2023-07-06T08:20:26.856Z,0.999756
2023-07-06T09:15:48.307Z,1.005
2023-07-06T10:17:02.298Z,1
2023-07-06T11:13:07.446Z,1
2023-07-06T12:32:44.581Z,0.999494
2023-07-06T13:32:07.218Z,0.999925
2023-07-06T14:14:56.886Z,0.996561
2023-07-06T15:16:26.226Z,1
2023-07-06T16:20:52.513Z,1.003
2023-07-06T17:14:07.004Z,1
2023-07-06T18:18:17.754Z,1.001
2023-07-06T19:11:59.756Z,0.997983
2023-07-06T20:15:48.069Z,0.999963
2023-07-06T21:13:17.465Z,1.002
2023-07-06T22:14:02.056Z,0.999999
2023-07-06T23:15:17.705Z,0.99597
2023-07-07T01:27:15.263Z,0.999657
2023-07-07T02:56:12.839Z,0.999743
2023-07-07T03:26:50.485Z,1.001
2023-07-07T04:18:08.415Z,1.001
2023-07-07T05:14:30.114Z,1
2023-07-07T06:20:25.595Z,0.999999
2023-07-07T07:14:02.057Z,1
2023-07-07T08:19:23.406Z,0.999361
2023-07-07T09:14:54.147Z,0.99942
2023-07-07T10:16:09.220Z,0.999872
2023-07-07T11:12:28.876Z,1
2023-07-07T12:31:29.543Z,1.001
2023-07-07T13:22:20.904Z,1
2023-07-07T14:13:46.992Z,1.001
2023-07-07T15:15:42.492Z,0.999798
2023-07-07T16:19:34.776Z,1.001
2023-07-07T17:13:19.893Z,0.99898
2023-07-07T18:18:31.494Z,0.999708
2023-07-07T19:10:32.300Z,0.999835
2023-07-07T20:15:27.587Z,1
2023-07-07T21:12:38.394Z,1
2023-07-07T22:13:49.033Z,1
2023-07-07T23:14:28.534Z,1.001
2023-07-08T01:26:00.461Z,1.001
2023-07-08T02:57:10.618Z,1
2023-07-08T03:29:18.626Z,0.9997
2023-07-08T04:17:17.638Z,0.999888
2023-07-08T05:13:29.488Z,0.999291
2023-07-08T06:18:03.407Z,1
2023-07-08T07:12:55.669Z,0.999886
2023-07-08T08:17:29.414Z,0.999634
2023-07-08T09:13:22.092Z,0.999936
2023-07-08T10:14:26.480Z,1
2023-07-08T11:11:42.141Z,0.999781
2023-07-08T12:27:47.870Z,0.99901
2023-07-08T13:18:29.097Z,0.99984
2023-07-08T14:12:27.040Z,0.999272
2023-07-08T15:13:30.703Z,0.999664
2023-07-08T16:17:53.809Z,0.999884
2023-07-08T17:12:10.119Z,0.999095
2023-07-08T18:17:21.502Z,0.999158
2023-07-08T19:11:11.897Z,0.999726
2023-07-08T20:14:33.970Z,0.99913
2023-07-08T21:12:17.080Z,0.999589
2023-07-08T22:13:18.399Z,0.999958
2023-07-08T23:14:01.075Z,1.001
2023-07-09T01:39:34.592Z,1.002
2023-07-09T03:04:57.648Z,0.999688
2023-07-09T04:17:43.788Z,0.99992
2023-07-09T05:13:39.410Z,0.99986
2023-07-09T06:18:26.005Z,0.999879
2023-07-09T07:12:46.071Z,0.99934
2023-07-09T08:17:08.501Z,1
2023-07-09T09:13:21.171Z,0.999928
2023-07-09T10:14:36.258Z,1
2023-07-09T11:11:45.785Z,0.999662
2023-07-09T12:27:54.178Z,1
2023-07-09T13:18:50.162Z,1
2023-07-09T14:12:33.784Z,0.997871
2023-07-09T15:13:58.545Z,1
2023-07-09T16:17:47.031Z,0.999809
2023-07-09T17:12:32.701Z,0.999799
2023-07-09T18:17:04.246Z,1.001
2023-07-09T19:11:26.790Z,1
2023-07-09T20:14:47.154Z,0.999704
2023-07-09T21:12:44.769Z,1
2023-07-09T22:13:36.657Z,0.999359
2023-07-09T23:14:10.017Z,1
2023-07-10T01:24:48.574Z,0.999372
2023-07-10T02:59:54.058Z,1.003
2023-07-10T03:31:40.680Z,0.999921
2023-07-10T04:18:15.400Z,0.99979
2023-07-10T05:14:33.288Z,0.999407
2023-07-10T06:20:13.595Z,0.999478
2023-07-10T07:14:38.037Z,0.99884
2023-07-10T08:20:19.382Z,0.999594
2023-07-10T09:15:59.195Z,0.999943
2023-07-10T10:16:52.867Z,0.999771
2023-07-10T11:12:40.650Z,0.999755
2023-07-10T12:30:42.907Z,1
2023-07-10T13:24:11.365Z,0.999761
2023-07-10T14:14:05.009Z,0.999218
2023-07-10T15:09:58.646Z,0.999962
2023-07-10T16:20:29.434Z,0.998695
2023-07-10T17:13:28.360Z,1.001
2023-07-10T18:18:44.505Z,0.999958
2023-07-10T19:12:02.436Z,1.001
2023-07-10T20:15:57.511Z,1.008
2023-07-10T21:12:57.316Z,0.998692
2023-07-10T22:13:58.773Z,0.998243
2023-07-10T23:14:34.835Z,1.001
2023-07-11T01:18:33.060Z,1.001
2023-07-11T01:47:35.435Z,1
2023-07-11T02:49:45.943Z,1
2023-07-11T03:19:45.495Z,0.999535
2023-07-11T04:18:06.820Z,1
2023-07-11T05:14:13.318Z,1
2023-07-11T06:19:41.518Z,1
2023-07-11T07:13:54.123Z,1.001
2023-07-11T08:19:33.018Z,1
2023-07-11T09:14:50.229Z,0.999158
2023-07-11T10:16:14.061Z,0.999105
2023-07-11T11:12:28.412Z,0.999291
2023-07-11T12:31:38.904Z,0.999542
2023-07-11T13:23:26.894Z,1
2023-07-11T14:13:48.498Z,0.99925
2023-07-11T15:15:39.809Z,1.001
2023-07-11T16:19:30.155Z,0.999752
2023-07-11T17:12:58.563Z,1
2023-07-11T18:18:27.297Z,0.999438
2023-07-11T19:11:45.889Z,0.999909
2023-07-11T20:15:27.489Z,1
2023-07-11T21:13:02.621Z,1
2023-07-11T22:13:40.573Z,1.001
2023-07-11T23:14:23.876Z,1
2023-07-12T01:24:05.583Z,1.001
2023-07-12T02:55:11.971Z,1.002
2023-07-12T03:23:51.008Z,0.99962
2023-07-12T04:18:09.651Z,0.999228
2023-07-12T05:14:17.569Z,1
2023-07-12T06:19:19.831Z,0.999673
2023-07-12T07:13:38.065Z,1.001
2023-07-12T08:19:12.060Z,0.999844
2023-07-12T09:14:34.552Z,1
2023-07-12T10:15:58.947Z,0.999836
2023-07-12T11:12:30.272Z,0.999907
2023-07-12T12:31:35.515Z,0.999765
2023-07-12T13:24:45.911Z,0.999324
2023-07-12T14:13:46.613Z,1.003
2023-07-12T15:15:09.261Z,0.998551
2023-07-12T16:19:16.275Z,0.999478
2023-07-12T17:13:28.014Z,1
2023-07-12T18:18:41.464Z,1
2023-07-12T19:11:58.271Z,0.999519
2023-07-12T20:15:39.257Z,0.999551
2023-07-12T20:31:47.267Z,1.001
2023-07-12T20:48:26.841Z,1
2023-07-12T21:12:51.590Z,0.999778
2023-07-12T22:13:41.859Z,1
2023-07-12T23:14:37.688Z,1
2023-07-13T01:27:26.217Z,0.998745
2023-07-13T02:58:41.363Z,0.999771
2023-07-13T03:29:34.591Z,0.999787
2023-07-13T04:17:51.144Z,0.999717
2023-07-13T05:14:12.781Z,0.999726
2023-07-13T06:19:33.793Z,0.999998
2023-07-13T07:13:48.206Z,0.999843
2023-07-13T08:18:54.686Z,0.999471
2023-07-13T09:14:49.389Z,1.001
2023-07-13T10:15:38.881Z,0.999578
2023-07-13T11:12:39.332Z,0.999959
2023-07-13T12:32:01.732Z,0.999763
2023-07-13T13:28:57.975Z,1
2023-07-13T14:13:50.485Z,0.995023
2023-07-13T15:15:09.499Z,0.999601
2023-07-13T16:19:28.842Z,1.001
2023-07-13T17:13:01.293Z,1
2023-07-13T18:18:34.436Z,1.01
2023-07-13T19:10:43.357Z,1.003
2023-07-13T20:15:49.212Z,1.001
2023-07-13T21:12:49.968Z,1.002
2023-07-13T22:13:44.471Z,0.999795
2023-07-13T23:15:02.433Z,1.001
2023-07-14T01:26:23.350Z,1.002
2023-07-14T02:57:38.566Z,1.001
2023-07-14T03:27:29.176Z,1.001
2023-07-14T04:18:00.574Z,0.999825
2023-07-14T05:14:25.368Z,1
2023-07-14T06:19:58.896Z,1.001
2023-07-14T07:13:43.534Z,1
2023-07-14T08:18:34.978Z,1.004
2023-07-14T09:14:36.637Z,1
2023-07-14T10:15:37.816Z,1
2023-07-14T11:11:58.656Z,1
2023-07-14T12:30:05.118Z,1
2023-07-14T13:22:15.435Z,1.001
2023-07-14T14:13:08.370Z,0.999563
2023-07-14T15:14:58.492Z,0.999018
2023-07-14T16:18:05.315Z,0.998926
2023-07-14T17:11:43.711Z,1.002
2023-07-14T18:17:52.465Z,0.991753
2023-07-14T19:12:01.380Z,0.990105
2023-07-14T20:15:30.452Z,0.999695
2023-07-14T21:12:30.403Z,1.001
2023-07-14T22:13:51.399Z,0.999008
2023-07-14T23:14:17.728Z,1
2023-07-15T01:25:29.895Z,1.001
2023-07-15T03:00:11.957Z,0.999888
2023-07-15T03:31:55.431Z,0.998975
2023-07-15T04:17:09.684Z,0.99991
2023-07-15T05:13:56.833Z,0.999724
2023-07-15T06:18:27.633Z,0.999607
2023-07-15T07:13:11.421Z,1.001
2023-07-15T08:17:31.105Z,1.001
2023-07-15T09:13:25.071Z,0.99992
2023-07-15T10:14:37.352Z,1
2023-07-15T11:11:24.727Z,1
2023-07-15T12:27:48.971Z,1.001
2023-07-15T13:18:51.629Z,0.999069
2023-07-15T14:12:24.508Z,1
2023-07-15T15:13:47.879Z,1
2023-07-15T16:18:22.511Z,0.99999
2023-07-15T17:12:02.054Z,0.999982
2023-07-15T18:17:07.971Z,0.99988
2023-07-15T19:10:58.082Z,0.999853
2023-07-15T20:14:27.247Z,0.999795
2023-07-15T21:12:02.997Z,0.99997
2023-07-15T22:13:05.837Z,0.999618
2023-07-15T23:13:45.033Z,1
2023-07-16T01:44:16.760Z,0.998691
2023-07-16T03:08:30.576Z,1.001
2023-07-16T04:17:01.289Z,0.999677
2023-07-16T05:13:33.038Z,1.001
2023-07-16T06:18:11.169Z,1
2023-07-16T07:12:43.536Z,1.001
2023-07-16T08:17:23.599Z,1
2023-07-16T09:13:07.073Z,0.999844
2023-07-16T10:14:46.641Z,1.001
2023-07-16T11:11:38.095Z,1
2023-07-16T12:27:00.276Z,1.001
2023-07-16T13:18:43.995Z,0.9997
2023-07-16T14:12:32.894Z,1
2023-07-16T15:13:43.334Z,1.001
2023-07-16T16:18:02.814Z,1
2023-07-16T17:12:16.507Z,1
2023-07-16T18:17:16.397Z,1
2023-07-16T19:11:35.346Z,0.999588
2023-07-16T20:14:29.818Z,0.99936
2023-07-16T21:12:25.048Z,1
2023-07-16T22:13:18.909Z,1.001
2023-07-16T23:13:55.695Z,0.999508
2023-07-17T01:27:40.718Z,1.001
2023-07-17T03:02:18.100Z,1
2023-07-17T04:18:31.245Z,0.999717
2023-07-17T05:14:29.796Z,1
2023-07-17T06:20:14.614Z,0.999301
2023-07-17T07:14:22.181Z,1
2023-07-17T08:19:33.843Z,0.999881
2023-07-17T09:15:32.174Z,0.999838
2023-07-17T10:16:51.079Z,1
2023-07-17T11:12:31.372Z,1
2023-07-17T12:32:24.091Z,0.998627
2023-07-17T13:24:55.292Z,0.999392
2023-07-17T14:14:06.173Z,0.999603
2023-07-17T15:15:48.659Z,0.999585
2023-07-17T16:19:45.941Z,1.001
2023-07-17T17:13:09.743Z,1
2023-07-17T18:18:50.629Z,0.999661
2023-07-17T19:11:45.368Z,0.998429
2023-07-17T20:15:54.136Z,1.001
2023-07-17T21:12:22.408Z,1.001
2023-07-17T22:12:48.168Z,1.001
2023-07-17T23:13:52.714Z,0.999706
2023-07-18T01:47:04.628Z,1.001
2023-07-18T02:58:48.774Z,0.999747
2023-07-18T03:26:04.112Z,0.999691
2023-07-18T04:16:37.804Z,0.999582
2023-07-18T05:13:26.795Z,1.001
2023-07-18T06:18:15.698Z,0.999786
2023-07-18T07:13:10.411Z,1.001
2023-07-18T08:18:14.113Z,1
2023-07-18T09:14:07.600Z,0.999647
2023-07-18T10:15:13.773Z,0.998797
2023-07-18T11:11:43.098Z,1.001
2023-07-18T12:29:02.511Z,0.996904
2023-07-18T13:20:03.128Z,0.999865
2023-07-18T14:13:06.809Z,1.001
2023-07-18T15:14:32.462Z,1.001
2023-07-18T16:19:53.605Z,1.001
2023-07-18T17:12:26.437Z,1.002
2023-07-18T18:18:04.440Z,1.003
2023-07-18T19:11:23.118Z,1.001
2023-07-18T20:14:52.562Z,1.001
2023-07-18T21:11:11.721Z,1
2023-07-18T22:12:32.573Z,0.999644
2023-07-18T23:12:44.257Z,1
2023-07-19T02:35:31.364Z,0.999874
2023-07-19T03:53:17.984Z,0.999724
2023-07-19T04:20:45.399Z,1.001
2023-07-19T05:12:46.957Z,0.998856
2023-07-19T06:17:25.680Z,1
2023-07-19T07:12:37.438Z,1.002
2023-07-19T08:16:56.202Z,0.998978
2023-07-19T09:13:10.291Z,0.999007
2023-07-19T10:14:08.312Z,1.001
2023-07-19T11:11:18.573Z,0.99977
2023-07-19T12:26:51.815Z,1.002
2023-07-19T13:17:57.591Z,0.998151
2023-07-19T14:12:38.327Z,0.999866
2023-07-19T15:14:09.055Z,0.999692
2023-07-19T16:17:19.753Z,1.001
2023-07-19T17:12:12.659Z,1
2023-07-19T18:16:34.032Z,1
2023-07-19T19:10:58.190Z,1.002
2023-07-19T20:13:19.740Z,0.99934
2023-07-19T21:11:43.618Z,0.999766
2023-07-19T22:12:35.877Z,0.999539
2023-07-19T23:12:55.318Z,0.999703
2023-07-20T01:13:08.425Z,1.001
2023-07-20T02:31:45.635Z,0.999862
2023-07-20T03:13:46.482Z,0.999189
2023-07-20T04:15:59.216Z,1
2023-07-20T05:12:31.048Z,0.999939
2023-07-20T06:17:29.590Z,1
2023-07-20T07:12:39.640Z,0.999685
2023-07-20T08:16:43.555Z,0.999904
2023-07-20T09:13:02.653Z,1
2023-07-20T10:14:25.535Z,1.002
2023-07-20T11:11:11.050Z,0.99896
2023-07-20T12:28:32.130Z,0.999746
2023-07-20T13:18:02.409Z,0.99919
2023-07-20T14:12:30.520Z,0.999053
2023-07-20T15:13:45.100Z,1.001
2023-07-20T16:17:20.003Z,1.003
2023-07-20T17:11:44.454Z,0.99787
2023-07-20T18:17:08.963Z,1
2023-07-20T19:10:34.067Z,1.001
2023-07-20T20:13:46.736Z,0.999673
2023-07-20T21:11:26.936Z,1.001
2023-07-20T22:12:09.756Z,1
2023-07-20T23:13:14.801Z,1.001
2023-07-21T01:13:51.854Z,0.999568
2023-07-21T02:33:41.538Z,1.001
2023-07-21T03:13:37.911Z,1
2023-07-21T04:15:47.460Z,0.999329
2023-07-21T05:12:45.498Z,0.999756
2023-07-21T06:17:31.741Z,0.999613
2023-07-21T07:12:06.811Z,0.999821
2023-07-21T08:16:24.951Z,1
2023-07-21T09:13:00.850Z,1
2023-07-21T10:14:07.343Z,0.999141
2023-07-21T11:11:03.988Z,0.999651
2023-07-21T12:26:30.787Z,1
2023-07-21T13:16:54.886Z,1.001
2023-07-21T14:11:51.243Z,0.998288
2023-07-21T15:13:32.613Z,1
2023-07-21T16:17:26.453Z,1
2023-07-21T17:11:58.479Z,0.999956
2023-07-21T18:17:15.343Z,1.002
2023-07-21T19:10:22.657Z,0.999307
2023-07-21T20:13:33.903Z,0.999289
2023-07-21T21:11:13.054Z,1.001
2023-07-21T22:12:13.855Z,0.999902
2023-07-21T23:12:33.542Z,0.999936
2023-07-22T01:13:09.644Z,0.999752
2023-07-22T02:30:32.268Z,1
2023-07-22T03:13:34.038Z,1
2023-07-22T04:15:16.471Z,0.999698
2023-07-22T05:11:55.166Z,0.999667
2023-07-22T06:15:55.350Z,0.999886
2023-07-22T07:11:32.102Z,0.999987
2023-07-22T08:15:03.821Z,1
2023-07-22T09:11:51.146Z,1
2023-07-22T10:12:39.821Z,1.001
2023-07-22T11:10:52.546Z,1
2023-07-22T12:24:18.999Z,0.99989
2023-07-22T13:14:15.045Z,1
2023-07-22T14:10:30.814Z,1.001
2023-07-22T15:12:08.503Z,0.999875
2023-07-22T16:15:54.077Z,1
2023-07-22T17:10:53.890Z,1
2023-07-22T18:15:17.278Z,0.999469
2023-07-22T19:09:50.292Z,1
2023-07-22T20:12:34.616Z,1
2023-07-22T21:10:54.381Z,1
2023-07-22T22:11:59.832Z,1
2023-07-22T23:11:58.497Z,0.999758
2023-07-23T01:17:54.745Z,1.001
2023-07-23T02:36:21.819Z,1.001
2023-07-23T03:13:47.416Z,0.999866
2023-07-23T04:15:20.332Z,0.99958
2023-07-23T05:12:21.234Z,0.999826
2023-07-23T06:16:30.295Z,0.999809
2023-07-23T07:11:30.405Z,1
2023-07-23T08:15:24.865Z,1
2023-07-23T09:11:45.585Z,1
2023-07-23T10:13:03.592Z,0.999803
2023-07-23T11:10:03.706Z,0.999904
2023-07-23T12:24:08.091Z,1
2023-07-23T13:14:26.844Z,0.99938
2023-07-23T14:10:46.072Z,1
2023-07-23T15:12:05.188Z,1
2023-07-23T16:15:51.325Z,1.001
2023-07-23T17:10:56.745Z,0.999974
2023-07-23T18:15:27.756Z,1.003
2023-07-23T19:10:06.373Z,1
2023-07-23T20:13:04.423Z,0.999742
2023-07-23T21:11:54.414Z,0.999747
2023-07-23T22:11:24.184Z,1.001
2023-07-23T23:13:02.441Z,1.001
2023-07-24T01:13:56.056Z,0.997769
2023-07-24T02:33:26.215Z,0.999926
2023-07-24T03:14:02.169Z,0.998632
2023-07-24T04:15:56.495Z,0.999427
2023-07-24T05:12:52.813Z,0.999978
2023-07-24T06:17:56.294Z,0.999971
2023-07-24T07:13:04.827Z,0.99934
2023-07-24T08:17:43.708Z,0.999993
2023-07-24T09:14:01.932Z,0.997936
2023-07-24T10:15:09.471Z,0.987029
2023-07-24T11:11:31.649Z,1
2023-07-24T12:27:26.169Z,1.001
2023-07-24T13:18:34.072Z,0.999909
2023-07-24T14:13:27.844Z,0.999875
2023-07-24T15:13:59.591Z,0.996059
2023-07-24T16:17:36.004Z,1
2023-07-24T17:12:16.119Z,0.999607
2023-07-24T18:18:15.474Z,1
2023-07-24T19:10:45.091Z,1.002
2023-07-24T20:12:58.901Z,1
2023-07-24T20:50:15.358Z,1
2023-07-24T21:12:40.531Z,1
2023-07-24T22:12:34.804Z,0.999972
2023-07-24T23:13:07.266Z,0.999948
2023-07-25T01:18:41.482Z,0.999433
2023-07-25T02:44:47.270Z,0.999577
2023-07-25T03:13:52.028Z,0.999556
2023-07-25T04:15:52.678Z,0.999801
2023-07-25T05:12:58.086Z,1
2023-07-25T06:17:39.651Z,1
2023-07-25T07:12:48.491Z,1.001
2023-07-25T08:17:16.002Z,0.999384
2023-07-25T09:13:39.803Z,1
2023-07-25T10:14:51.011Z,0.999594
2023-07-25T11:11:01.582Z,0.999286
2023-07-25T12:28:48.820Z,0.999814
2023-07-25T13:19:13.158Z,1
2023-07-25T14:12:42.283Z,0.998912
2023-07-25T15:14:19.137Z,1
2023-07-25T16:17:21.506Z,1.001
2023-07-25T17:11:22.688Z,0.999634
2023-07-25T18:15:54.358Z,1
2023-07-25T19:09:25.756Z,0.999933
2023-07-25T19:43:25.032Z,0.999944
2023-07-25T20:13:20.431Z,0.999205
2023-07-25T21:11:25.407Z,0.999707
2023-07-25T22:11:38.779Z,0.999852
2023-07-25T23:11:21.658Z,0.999851
2023-07-26T01:13:36.174Z,0.999613
2023-07-26T02:34:41.146Z,0.999224
2023-07-26T03:13:11.917Z,1.002
2023-07-26T04:14:56.302Z,0.999544
2023-07-26T05:12:21.230Z,0.999667
2023-07-26T06:16:40.392Z,0.99985
2023-07-26T07:11:51.027Z,1
2023-07-26T08:16:33.372Z,0.999371
2023-07-26T09:12:47.721Z,0.999505
2023-07-26T10:14:01.367Z,0.999636
2023-07-26T11:10:33.985Z,0.999889
2023-07-26T12:26:28.836Z,0.999775
2023-07-26T13:16:41.216Z,1.001
2023-07-26T14:11:56.681Z,1.001
2023-07-26T15:13:04.637Z,1
2023-07-26T16:17:15.597Z,0.99975
2023-07-26T17:11:37.914Z,1
2023-07-26T18:15:58.873Z,1
2023-07-26T19:10:38.433Z,0.998839
2023-07-26T20:12:48.756Z,1.001
2023-07-26T21:11:21.966Z,1
2023-07-26T22:11:43.679Z,0.999735
2023-07-26T23:12:25.739Z,1.001
2023-07-27T01:05:25.729Z,0.999361
2023-07-27T02:24:35.236Z,0.998906
2023-07-27T03:13:02.832Z,1
2023-07-27T04:14:42.423Z,0.999234
2023-07-27T05:12:03.055Z,0.999698
2023-07-27T06:16:55.686Z,0.999742
2023-07-27T07:12:10.759Z,0.999298
2023-07-27T08:16:24.420Z,0.999951
2023-07-27T09:13:03.421Z,1.001
2023-07-27T10:13:34.422Z,0.999569
2023-07-27T11:10:52.711Z,0.999151
2023-07-27T12:27:17.768Z,0.999542
2023-07-27T13:16:32.478Z,0.999889
2023-07-27T14:11:55.339Z,0.998612
2023-07-27T15:13:02.606Z,0.998711
2023-07-27T16:16:47.264Z,0.999137
2023-07-27T17:11:35.725Z,0.999805
2023-07-27T18:15:42.811Z,0.99926
2023-07-27T19:10:12.437Z,0.998473
2023-07-27T20:12:58.852Z,0.999812
2023-07-27T21:10:12.710Z,0.999867
2023-07-27T22:11:57.300Z,1
2023-07-27T23:12:49.980Z,0.999337
2023-07-28T01:06:29.625Z,0.999933
2023-07-28T02:27:56.034Z,0.999281
2023-07-28T03:13:02.079Z,1
2023-07-28T04:14:58.852Z,0.999452
2023-07-28T05:12:21.782Z,0.999751
2023-07-28T06:17:14.026Z,0.999592
2023-07-28T07:11:49.414Z,0.999592
2023-07-28T08:15:49.404Z,0.999269
2023-07-28T09:12:30.786Z,0.99945
2023-07-28T10:13:34.434Z,1
2023-07-28T11:10:52.830Z,0.999696
2023-07-28T12:27:08.952Z,1.002
2023-07-28T13:16:34.363Z,0.999579
2023-07-28T14:13:58.587Z,1.001
2023-07-28T15:13:37.573Z,1.002
2023-07-28T16:16:52.656Z,0.99898
2023-07-28T17:11:13.145Z,1
2023-07-28T18:15:02.102Z,0.999536
2023-07-28T19:10:30.191Z,0.999978
2023-07-28T20:13:16.961Z,1
2023-07-28T21:11:03.850Z,1
2023-07-28T22:11:42.163Z,0.999259
2023-07-28T23:12:40.403Z,0.999763
2023-07-29T01:07:28.628Z,0.999751
2023-07-29T02:24:45.320Z,1
2023-07-29T03:12:50.881Z,0.99994
2023-07-29T04:14:39.532Z,0.999885
2023-07-29T05:11:25.502Z,0.999908
2023-07-29T06:15:21.851Z,0.999844
2023-07-29T07:11:07.427Z,0.999975
2023-07-29T08:14:31.275Z,1
2023-07-29T09:11:14.902Z,1
2023-07-29T10:12:16.724Z,0.999508
2023-07-29T11:09:48.223Z,0.999751
2023-07-29T12:23:36.900Z,1
2023-07-29T13:13:45.537Z,0.999636
2023-07-29T14:10:25.209Z,0.999743
2023-07-29T15:11:56.515Z,1
2023-07-29T16:15:10.818Z,0.999992
2023-07-29T17:10:18.538Z,0.999745
2023-07-29T18:14:42.743Z,0.999691
2023-07-29T19:09:51.600Z,1
2023-07-29T20:12:17.317Z,1
2023-07-29T21:10:16.336Z,1
2023-07-29T22:11:10.559Z,1
2023-07-29T22:25:16.417Z,1
2023-07-29T22:37:16.836Z,0.999768
2023-07-29T23:11:56.500Z,0.999996
2023-07-30T01:09:51.675Z,1
2023-07-30T02:27:04.917Z,0.99989
2023-07-30T03:12:56.528Z,1
2023-07-30T04:14:32.449Z,1
2023-07-30T05:11:29.250Z,0.999977
2023-07-30T06:15:39.071Z,0.999813
2023-07-30T07:11:10.212Z,0.999926
2023-07-30T08:14:43.905Z,0.999996
2023-07-30T09:11:29.771Z,0.999639
2023-07-30T10:12:25.061Z,0.999835
2023-07-30T11:09:38.654Z,0.99917
2023-07-30T12:24:12.675Z,1
2023-07-30T13:14:23.375Z,0.999772
2023-07-30T14:10:36.099Z,0.999813
2023-07-30T15:12:00.346Z,1.001
2023-07-30T16:15:29.175Z,1.001
2023-07-30T17:10:42.713Z,1
2023-07-30T18:15:02.572Z,1
2023-07-30T19:01:04.972Z,0.99966
2023-07-30T20:12:25.007Z,0.995041
2023-07-30T21:10:32.926Z,0.997899
2023-07-30T22:11:25.669Z,0.999749
2023-07-30T23:12:17.950Z,1
2023-07-31T01:10:24.037Z,1
2023-07-31T02:30:27.186Z,1
2023-07-31T03:13:37.875Z,1
2023-07-31T04:15:46.217Z,0.99959
2023-07-31T05:12:19.490Z,0.999657
2023-07-31T06:17:20.786Z,1.001
2023-07-31T07:12:43.424Z,0.99999
2023-07-31T08:17:40.183Z,0.999421
2023-07-31T09:14:00.255Z,0.999735
2023-07-31T10:14:44.166Z,1
2023-07-31T11:11:10.701Z,0.999459
2023-07-31T12:28:32.494Z,0.99977
2023-07-31T13:18:34.353Z,0.999555
2023-07-31T14:13:02.293Z,0.998491
2023-07-31T15:14:19.065Z,0.999691
2023-07-31T16:18:56.683Z,0.997801
2023-07-31T18:16:37.609Z,0.998588
2023-07-31T19:10:21.996Z,0.999676
2023-07-31T20:13:37.594Z,0.998953
2023-07-31T21:11:48.895Z,1.001
2023-07-31T22:12:32.806Z,1
2023-07-31T23:13:06.748Z,0.999542
2023-08-01T01:14:06.731Z,1
2023-08-01T02:35:26.095Z,1.001
2023-08-01T03:14:12.364Z,1
2023-08-01T04:15:53.873Z,0.999917
2023-08-01T05:12:39.566Z,1
2023-08-01T06:18:19.906Z,1
2023-08-01T07:13:08.728Z,0.999396
2023-08-01T08:16:57.304Z,0.99941
2023-08-01T09:13:01.077Z,0.999931
2023-08-01T10:13:53.611Z,0.999239
2023-08-01T11:10:39.996Z,0.999766
2023-08-01T12:27:10.053Z,0.999344
2023-08-01T13:16:35.144Z,1
2023-08-01T14:12:33.984Z,1
2023-08-01T15:13:27.105Z,0.999526
2023-08-01T16:16:52.738Z,1.003
2023-08-01T17:11:35.959Z,0.999171
2023-08-01T18:16:12.037Z,1.001
2023-08-01T19:10:14.724Z,1.001
2023-08-01T20:13:34.766Z,0.999821
2023-08-01T21:11:32.924Z,0.999679
2023-08-01T22:11:49.809Z,1
2023-08-01T23:12:33.213Z,1.001
2023-08-02T01:05:24.796Z,1.001
2023-08-02T02:24:47.949Z,1.002
2023-08-02T03:12:54.608Z,0.999265
2023-08-02T04:15:12.471Z,1
2023-08-02T05:12:20.082Z,0.999175
2023-08-02T06:16:38.571Z,1
2023-08-02T07:12:07.742Z,0.999756
2023-08-02T08:16:13.787Z,0.999116
2023-08-02T09:12:34.757Z,1
2023-08-02T10:13:38.759Z,0.99971
2023-08-02T11:10:46.865Z,1
2023-08-02T12:26:16.027Z,0.999781
2023-08-02T14:12:19.115Z,0.999781
2023-08-02T15:12:36.481Z,0.999044
2023-08-02T16:17:14.697Z,0.999481
2023-08-02T17:11:20.471Z,0.999045
2023-08-02T18:15:30.344Z,0.999884
2023-08-02T19:10:32.142Z,1.001
2023-08-02T20:13:20.876Z,0.999138
2023-08-02T21:11:04.049Z,0.999685
2023-08-02T22:11:36.558Z,1
2023-08-02T23:12:06.032Z,0.999588
2023-08-03T01:07:40.849Z,0.999416
2023-08-03T02:26:32.456Z,0.998681
2023-08-03T03:12:46.558Z,0.999738
2023-08-03T04:15:36.876Z,0.999915
2023-08-03T06:16:40.096Z,0.999661
2023-08-03T08:16:17.623Z,0.998903
2023-08-03T09:12:57.049Z,1.001
2023-08-03T10:13:56.132Z,1
2023-08-03T11:10:52.806Z,1
2023-08-03T12:26:53.772Z,0.999729
2023-08-03T13:16:38.478Z,1
2023-08-03T14:12:15.156Z,1.001
2023-08-03T15:13:27.815Z,1.001
2023-08-03T16:15:42.646Z,1.001
2023-08-03T17:11:35.841Z,1.001
2023-08-03T21:11:04.768Z,1.001
2023-08-03T22:11:45.933Z,0.999361
2023-08-03T23:12:23.598Z,0.999794
2023-08-04T01:09:58.625Z,0.999975
2023-08-04T02:27:25.050Z,0.999529
2023-08-04T03:13:12.602Z,0.999681
2023-08-04T04:15:27.310Z,1.001
2023-08-04T05:12:10.803Z,0.99973
2023-08-04T06:16:52.148Z,1
2023-08-04T07:11:40.261Z,0.999844
2023-08-04T08:16:07.499Z,1
2023-08-04T09:12:36.827Z,0.999467
2023-08-04T10:13:24.400Z,0.999791
2023-08-04T11:10:48.241Z,0.999722
2023-08-04T12:25:13.862Z,0.999911
2023-08-04T13:15:27.127Z,1
2023-08-04T14:11:54.127Z,0.998312
2023-08-04T15:13:06.270Z,1
2023-08-04T16:16:16.840Z,0.999725
2023-08-04T17:11:11.390Z,0.999758
2023-08-04T18:16:19.045Z,0.999192
2023-08-04T19:10:37.446Z,0.999446
2023-08-04T20:13:09.781Z,1
2023-08-04T21:10:43.805Z,0.99941
2023-08-04T22:11:47.096Z,1.001
2023-08-04T23:12:04.632Z,1
2023-08-05T01:06:20.168Z,0.999141
2023-08-05T02:24:56.445Z,0.999648
2023-08-05T03:12:50.173Z,0.999583
2023-08-05T04:14:39.304Z,0.999617
2023-08-05T05:11:12.430Z,0.999766
2023-08-05T06:15:18.354Z,0.999676
2023-08-05T07:10:48.323Z,0.999771
2023-08-05T08:14:51.333Z,0.999512
2023-08-05T09:11:15.103Z,1
2023-08-05T10:11:50.247Z,0.99964
2023-08-05T11:10:04.715Z,1
2023-08-05T12:23:16.198Z,0.999569
2023-08-05T13:13:42.712Z,0.999963
2023-08-05T14:10:30.393Z,1.001
2023-08-05T15:11:44.155Z,0.999779
2023-08-05T16:15:03.764Z,0.999869
2023-08-05T17:10:27.101Z,0.999714
2023-08-05T18:14:32.555Z,0.999835
2023-08-05T19:09:25.617Z,0.999623
2023-08-05T20:12:16.831Z,0.999687
2023-08-05T21:10:10.079Z,1
2023-08-05T22:11:05.664Z,0.999897
2023-08-05T23:12:02.973Z,0.999892
2023-08-06T01:03:26.128Z,1
2023-08-06T02:21:31.378Z,0.999745
2023-08-06T03:13:04.995Z,0.999249
2023-08-06T04:14:35.069Z,0.999862
2023-08-06T06:15:49.471Z,0.999998
2023-08-06T07:11:27.995Z,0.99964
2023-08-06T08:14:22.833Z,0.99986
2023-08-06T09:11:33.274Z,1
2023-08-06T10:12:23.386Z,0.999822
2023-08-06T11:10:24.214Z,0.999552
2023-08-06T12:22:22.204Z,0.999733
2023-08-06T13:14:28.260Z,0.999699
2023-08-06T14:10:46.391Z,0.999696
2023-08-06T15:12:27.445Z,0.999657
2023-08-06T16:16:12.464Z,0.999539
2023-08-06T17:09:57.470Z,0.999851
2023-08-06T18:14:35.117Z,0.999748
2023-08-06T19:09:25.858Z,0.99904
2023-08-06T20:13:00.418Z,0.99945
2023-08-06T21:10:17.824Z,1.001
2023-08-06T22:10:55.924Z,0.997579
2023-08-06T23:11:58.365Z,0.999273
2023-08-07T01:08:35.329Z,0.998985
2023-08-07T03:13:38.380Z,1
2023-08-07T04:15:35.568Z,0.999232
2023-08-07T05:12:22.571Z,0.999201
2023-08-07T06:17:20.214Z,0.999268
2023-08-07T07:12:16.140Z,0.999419
2023-08-07T08:17:06.675Z,0.99961
2023-08-07T09:13:18.143Z,0.999255
2023-08-07T10:14:31.013Z,0.999329
2023-08-07T11:10:39.502Z,0.999532
2023-08-07T12:26:47.114Z,0.999446
2023-08-07T13:16:50.274Z,0.999207
2023-08-07T15:13:42.801Z,1
2023-08-07T16:16:47.152Z,1.001
2023-08-07T17:11:25.688Z,0.999812
2023-08-07T18:15:47.856Z,1.003
2023-08-07T19:10:19.996Z,0.999007
2023-08-07T20:13:04.431Z,0.998967
2023-08-07T22:12:08.472Z,1.001
2023-08-07T23:12:04.267Z,1
2023-08-08T01:05:50.106Z,1
2023-08-08T02:27:21.537Z,1
2023-08-08T04:15:17.393Z,0.999959
2023-08-08T05:11:47.802Z,1
2023-08-08T06:16:33.679Z,0.999783
2023-08-08T07:11:41.404Z,0.998882
2023-08-08T08:16:12.446Z,0.999957
2023-08-08T09:12:27.284Z,0.999978
2023-08-08T10:13:42.868Z,1
2023-08-08T11:10:49.151Z,1.001
2023-08-08T12:25:59.735Z,1
2023-08-08T13:16:14.968Z,1.003
2023-08-08T14:12:01.454Z,0.999169
2023-08-08T15:13:41.097Z,0.999925
2023-08-08T16:17:23.777Z,1.002
2023-08-08T17:12:30.041Z,1.001
2023-08-08T18:17:22.718Z,1.001
2023-08-08T19:10:33.338Z,0.999626
2023-08-08T20:13:36.510Z,1.001
2023-08-08T21:11:30.389Z,1.001
2023-08-08T22:12:23.878Z,0.999537
2023-08-08T23:12:44.435Z,1.001
2023-08-09T01:10:07.673Z,1
2023-08-09T02:27:46.995Z,1.001
2023-08-09T03:13:12.667Z,1
2023-08-09T04:15:38.597Z,1.001
2023-08-09T05:12:19.755Z,1.001
2023-08-09T06:17:15.679Z,1
2023-08-09T07:12:38.787Z,1.001
2023-08-09T08:17:55.140Z,1
2023-08-09T09:13:57.624Z,1
2023-08-09T10:14:32.611Z,1
2023-08-09T11:11:15.382Z,0.999881
2023-08-09T12:28:00.850Z,1
2023-08-09T13:17:46.744Z,1.002
2023-08-09T14:13:00.642Z,0.998991
2023-08-09T15:15:46.780Z,0.999812
2023-08-09T16:19:27.259Z,1
2023-08-09T17:12:19.485Z,0.999005
2023-08-09T18:17:12.304Z,1
2023-08-09T19:11:11.935Z,1.001
2023-08-09T20:14:08.509Z,0.999597
2023-08-09T21:12:02.534Z,1
2023-08-09T22:12:16.486Z,1
2023-08-09T23:12:26.276Z,1
2023-08-10T01:09:14.659Z,1
2023-08-10T02:32:51.852Z,1.001
2023-08-10T03:13:26.385Z,0.999178
2023-08-10T04:16:02.182Z,0.999791
2023-08-10T05:12:38.395Z,0.999727
2023-08-10T06:17:23.568Z,1.001
2023-08-10T07:12:18.542Z,0.999714
2023-08-10T08:17:06.995Z,1
2023-08-10T09:13:28.582Z,1
2023-08-10T10:14:22.136Z,0.999795
2023-08-10T11:11:31.277Z,0.999979
2023-08-10T12:28:20.035Z,0.999246
2023-08-10T13:18:19.273Z,1.001
2023-08-10T14:12:56.419Z,0.999803
2023-08-10T15:14:08.396Z,0.999494
2023-08-10T16:17:47.497Z,0.999895
2023-08-10T17:11:30.756Z,0.999748
2023-08-10T18:16:17.809Z,0.999704
2023-08-10T19:10:17.026Z,0.999632
2023-08-10T20:13:12.915Z,1.001
2023-08-10T21:11:13.570Z,1
2023-08-10T22:11:38.227Z,1
2023-08-10T23:12:33.835Z,1
2023-08-11T00:55:41.325Z,1
2023-08-11T01:43:26.986Z,0.999964
2023-08-11T02:16:35.651Z,1
2023-08-11T03:13:06.969Z,0.999169
2023-08-11T04:15:33.691Z,1
2023-08-11T05:12:07.651Z,0.999863
2023-08-11T06:16:15.907Z,1
2023-08-11T07:12:09.219Z,0.999828
2023-08-11T08:15:43.397Z,0.999963
2023-08-11T09:12:16.635Z,0.999996
2023-08-11T10:13:32.256Z,0.999918
2023-08-11T11:10:38.476Z,1
2023-08-11T12:23:54.350Z,1
2023-08-11T13:14:42.961Z,0.999448
2023-08-11T14:11:23.790Z,1
2023-08-11T15:12:58.880Z,0.998312
2023-08-11T16:14:33.845Z,1
2023-08-11T17:11:20.123Z,0.999666
2023-08-11T18:15:39.385Z,0.999367
2023-08-11T19:10:07.896Z,1.001
2023-08-11T20:13:08.754Z,1.001
2023-08-11T21:10:40.503Z,1.001
2023-08-11T22:11:34.851Z,1.001
2023-08-11T23:11:53.424Z,1
2023-08-12T00:54:52.937Z,1
2023-08-12T01:41:28.719Z,1
2023-08-12T02:15:14.949Z,1
2023-08-12T03:12:25.625Z,0.999876
2023-08-12T04:14:28.916Z,0.999845
2023-08-12T05:11:26.730Z,0.999915
2023-08-12T06:15:13.718Z,0.999791
2023-08-12T07:10:46.844Z,1
2023-08-12T08:14:28.506Z,1
2023-08-12T09:11:11.467Z,0.999702
2023-08-12T10:12:01.856Z,1
2023-08-12T11:09:31.919Z,0.999954
2023-08-12T12:21:56.016Z,0.999994
2023-08-12T13:13:03.860Z,1
2023-08-12T14:10:16.969Z,0.999959
2023-08-12T15:11:37.303Z,1
2023-08-12T17:10:19.408Z,0.999845
2023-08-12T18:14:25.496Z,0.999788
2023-08-12T19:09:16.502Z,1
2023-08-12T20:12:06.115Z,0.999857
2023-08-12T21:10:06.918Z,0.999984
2023-08-12T22:10:56.669Z,0.999458
2023-08-12T23:11:58.716Z,0.999942
2023-08-13T00:59:07.676Z,1
2023-08-13T01:52:04.259Z,0.99992
2023-08-13T02:17:17.649Z,0.999825
2023-08-13T03:12:26.709Z,0.999783
2023-08-13T04:14:22.297Z,0.999805
2023-08-13T05:11:18.856Z,0.999433
2023-08-13T06:15:06.202Z,0.999929
2023-08-13T07:10:50.325Z,1
2023-08-13T08:14:19.006Z,0.99985
2023-08-13T09:11:19.480Z,0.999794
2023-08-13T10:12:39.071Z,1
2023-08-13T11:09:42.159Z,0.999968
2023-08-13T12:21:49.534Z,0.999819
2023-08-13T13:13:11.411Z,0.999925
2023-08-13T15:10:14.029Z,0.999568
2023-08-13T16:15:12.168Z,0.999441
2023-08-13T17:10:16.864Z,0.999919
2023-08-13T18:14:30.521Z,0.999489
2023-08-13T19:09:22.484Z,0.999542
2023-08-13T20:12:07.359Z,1
2023-08-13T21:10:16.581Z,0.999709
2023-08-13T22:11:01.249Z,0.99957
2023-08-13T23:11:49.815Z,0.999422
2023-08-14T00:57:18.699Z,1
2023-08-14T01:49:02.668Z,0.999755
2023-08-14T02:17:51.367Z,0.99849
2023-08-14T03:13:01.336Z,0.999598
2023-08-14T04:15:16.240Z,0.999358
2023-08-14T05:12:14.832Z,0.999438
2023-08-14T06:16:48.240Z,0.999846
2023-08-14T07:12:25.525Z,1
2023-08-14T08:16:45.427Z,0.999603
2023-08-14T09:12:52.778Z,0.999009
2023-08-14T10:13:41.302Z,0.999337
2023-08-14T11:10:36.817Z,0.999337
2023-08-14T12:25:15.916Z,0.999337
2023-08-14T13:15:27.635Z,0.999337
2023-08-14T14:12:01.376Z,0.999337
2023-08-14T15:11:59.180Z,1
2023-08-14T16:14:51.315Z,1
2023-08-14T17:12:05.548Z,0.999076
2023-08-14T18:15:42.467Z,0.995023
2023-08-14T19:10:24.363Z,1.001
2023-08-14T20:13:21.387Z,0.999375
2023-08-14T21:11:11.772Z,0.999809
2023-08-14T22:12:01.987Z,1
2023-08-14T23:12:02.977Z,1.001
2023-08-15T00:56:21.251Z,1.001
2023-08-15T01:46:45.886Z,1
2023-08-15T02:17:03.208Z,0.999832
2023-08-15T03:12:58.929Z,1
2023-08-15T04:15:05.736Z,0.999971
2023-08-15T05:11:59.477Z,1
2023-08-15T06:16:22.855Z,0.999899
2023-08-15T07:12:04.871Z,0.999774
2023-08-15T08:16:11.127Z,1
2023-08-15T09:12:16.412Z,0.999698
2023-08-15T10:13:19.814Z,0.999356
2023-08-15T11:10:27.149Z,0.999641
2023-08-15T12:24:16.916Z,0.999657
2023-08-15T13:14:48.989Z,0.999226
2023-08-15T14:11:37.987Z,0.999107
2023-08-15T15:12:22.312Z,0.99921
2023-08-15T16:16:24.440Z,0.999614
2023-08-15T17:11:14.243Z,1
2023-08-15T18:15:20.371Z,0.999661
2023-08-15T19:10:06.514Z,1
2023-08-15T20:13:30.019Z,1
2023-08-15T21:11:15.255Z,0.999431
2023-08-15T22:11:56.379Z,0.999023
2023-08-15T23:12:05.041Z,1
2023-08-16T00:56:12.720Z,0.999577
2023-08-16T01:45:30.996Z,0.999257
2023-08-16T02:17:13.941Z,1
2023-08-16T03:13:21.812Z,0.99963
2023-08-16T04:15:32.419Z,0.999749
2023-08-16T05:12:13.485Z,0.999467
2023-08-16T06:16:27.594Z,0.9998
2023-08-16T07:12:17.035Z,0.999704
2023-08-16T08:16:12.850Z,0.999833
2023-08-16T09:12:32.291Z,0.999573
2023-08-16T10:13:24.795Z,0.999602
2023-08-16T11:10:42.736Z,1
2023-08-16T12:24:28.188Z,0.999152
2023-08-16T13:15:29.108Z,0.999485
2023-08-16T14:11:44.470Z,1.001
2023-08-16T15:13:16.849Z,1.001
2023-08-16T16:16:30.716Z,0.998853
2023-08-16T17:11:26.762Z,1.001
2023-08-16T18:15:41.226Z,0.999641
2023-08-16T19:10:10.395Z,0.999855
2023-08-16T20:12:55.845Z,1
2023-08-16T21:10:58.499Z,0.999274
2023-08-16T22:12:10.161Z,0.999965
2023-08-16T23:12:29.317Z,0.998282
2023-08-17T00:55:24.721Z,0.997786
2023-08-17T01:41:56.969Z,1
2023-08-17T02:15:53.223Z,0.999303
2023-08-17T03:12:57.484Z,0.99975
2023-08-17T04:15:03.204Z,0.999795
2023-08-17T05:12:09.561Z,1
2023-08-17T06:16:33.235Z,0.999689
2023-08-17T07:11:39.890Z,0.999856
2023-08-17T08:15:39.797Z,0.999418
2023-08-17T09:12:17.602Z,0.998707
2023-08-17T10:13:02.533Z,0.99958
2023-08-17T11:10:24.704Z,0.999357
2023-08-17T12:23:55.833Z,0.997487
2023-08-17T13:14:36.201Z,0.999391
2023-08-17T14:11:40.050Z,1
2023-08-17T15:12:39.526Z,0.998761
2023-08-17T16:16:30.824Z,0.99333
2023-08-17T17:11:10.023Z,1.004
2023-08-17T18:16:12.762Z,0.999397
2023-08-17T19:10:27.562Z,1.001
2023-08-17T20:13:31.838Z,0.998762
2023-08-17T21:11:10.972Z,0.998127
2023-08-17T22:11:52.004Z,1.002
2023-08-17T23:12:26.642Z,1.017
2023-08-18T00:55:55.404Z,0.999588
2023-08-18T01:44:06.145Z,1.001
2023-08-18T02:17:09.484Z,1.003
2023-08-18T03:13:06.825Z,1
2023-08-18T04:15:19.533Z,1
2023-08-18T05:11:50.283Z,1.003
2023-08-18T06:16:34.551Z,1.004
2023-08-18T07:11:35.437Z,1
2023-08-18T08:15:43.333Z,1
2023-08-18T09:12:28.563Z,0.999871
2023-08-18T10:13:13.571Z,0.999424
2023-08-18T11:10:23.128Z,1
2023-08-18T12:23:47.881Z,0.999218
2023-08-18T13:14:59.004Z,0.997944
2023-08-18T14:11:25.169Z,0.996003
2023-08-18T15:12:49.708Z,1.002
2023-08-18T16:16:37.653Z,0.999785
2023-08-18T17:11:11.186Z,0.993057
2023-08-18T18:15:19.194Z,0.99617
2023-08-18T19:10:22.960Z,0.999194
2023-08-18T20:12:52.807Z,1.002
2023-08-18T21:10:46.979Z,0.999358
2023-08-18T22:11:36.792Z,1.002
2023-08-18T23:12:03.769Z,0.999999
2023-08-19T00:54:28.674Z,1.003
2023-08-19T01:40:19.077Z,0.999138
2023-08-19T02:14:16.559Z,1.001
2023-08-19T03:13:26.661Z,1
2023-08-19T04:14:29.698Z,1
2023-08-19T05:11:09.063Z,1.002
2023-08-19T06:14:58.285Z,1
2023-08-19T07:10:59.159Z,1.001
2023-08-19T08:14:05.806Z,1.001
2023-08-19T09:10:47.620Z,0.99992
2023-08-19T10:12:11.596Z,1
2023-08-19T11:09:27.509Z,1
2023-08-19T12:21:23.115Z,1.001
2023-08-19T13:14:10.242Z,1
2023-08-19T14:10:07.360Z,1.001
2023-08-19T15:11:23.297Z,1
2023-08-19T16:14:28.276Z,0.998407
2023-08-19T17:10:20.538Z,1.001
2023-08-19T18:14:02.274Z,0.999698
2023-08-19T19:09:04.966Z,0.999776
2023-08-19T19:50:17.346Z,0.999696
2023-08-19T20:12:04.439Z,1
2023-08-19T21:09:51.687Z,1.001
2023-08-19T22:11:08.033Z,0.999702
2023-08-19T23:11:40.309Z,0.999777
2023-08-20T00:58:39.047Z,1.002
2023-08-20T01:51:19.490Z,0.999499
2023-08-20T02:16:40.481Z,0.999875
2023-08-20T03:12:57.111Z,0.999142
2023-08-20T04:14:36.251Z,0.999728
2023-08-20T05:11:24.098Z,0.999961
2023-08-20T06:15:12.482Z,0.999641
2023-08-20T07:10:44.503Z,1
2023-08-20T08:14:19.106Z,0.99991
2023-08-20T09:14:16.074Z,1
2023-08-20T10:12:05.217Z,1.001
2023-08-20T11:09:28.518Z,1.001
2023-08-20T12:21:34.556Z,0.998669
2023-08-20T13:13:03.347Z,1.001
2023-08-20T14:10:05.341Z,0.999736
2023-08-20T15:11:37.437Z,0.998835
2023-08-20T16:14:59.176Z,0.998966
2023-08-20T17:10:06.757Z,0.999487
2023-08-20T18:14:13.489Z,1
2023-08-20T19:10:20.443Z,0.999595
2023-08-20T20:12:14.466Z,1.001
2023-08-20T21:10:12.542Z,1.001
2023-08-20T22:11:00.897Z,0.999821
2023-08-20T23:11:43.329Z,0.998528
2023-08-21T00:56:30.661Z,1
2023-08-21T01:46:15.489Z,0.998981
2023-08-21T02:17:10.458Z,0.999946
2023-08-21T03:13:19.699Z,1
2023-08-21T04:15:18.265Z,0.999154
2023-08-21T05:12:15.176Z,0.999679
2023-08-21T06:16:57.079Z,1.001
2023-08-21T07:12:03.142Z,0.999165
2023-08-21T08:17:10.107Z,0.999962
2023-08-21T09:13:14.277Z,0.999892
2023-08-21T10:13:48.685Z,0.999601
2023-08-21T11:10:38.430Z,0.99985
2023-08-21T12:24:58.134Z,1
2023-08-21T13:16:05.822Z,0.999476
2023-08-21T14:12:15.485Z,1.003
2023-08-21T15:13:05.301Z,0.99953
2023-08-21T16:16:42.556Z,1
2023-08-21T17:11:14.547Z,1.001
2023-08-21T18:14:38.701Z,0.999518
2023-08-21T19:10:12.037Z,0.999354
2023-08-21T20:13:24.423Z,1.001
2023-08-21T21:11:17.091Z,1
2023-08-21T22:11:47.769Z,1
2023-08-21T23:12:37.764Z,1
2023-08-22T00:57:03.388Z,0.999689
2023-08-22T01:49:27.750Z,0.999671
2023-08-22T02:17:41.412Z,0.999791
2023-08-22T03:13:13.997Z,1
2023-08-22T04:15:21.277Z,0.999843
2023-08-22T05:11:56.209Z,1
2023-08-22T06:16:50.368Z,1
2023-08-22T07:11:56.687Z,0.999768
2023-08-22T08:16:31.377Z,0.999874
2023-08-22T09:12:33.293Z,0.999411
2023-08-22T10:13:49.550Z,1
2023-08-22T11:10:37.224Z,1
2023-08-22T12:24:59.374Z,0.999861
2023-08-22T13:15:53.519Z,1.001
2023-08-22T14:12:02.391Z,0.999588
2023-08-22T15:13:25.373Z,0.999503
2023-08-22T16:16:28.590Z,0.998987
2023-08-22T17:11:36.614Z,0.999344
2023-08-22T18:15:54.690Z,0.998477
2023-08-22T19:10:13.022Z,1
2023-08-22T20:13:20.243Z,1
2023-08-22T21:11:03.873Z,1.001
2023-08-22T22:11:43.389Z,0.999371
2023-08-22T23:12:14.193Z,1.001
2023-08-23T00:56:17.356Z,1
2023-08-23T01:45:32.459Z,0.999376
2023-08-23T03:13:30.226Z,0.999833
2023-08-23T04:15:08.908Z,0.999662
2023-08-23T05:11:36.052Z,0.999225
2023-08-23T06:16:53.580Z,0.999868
2023-08-23T07:11:55.461Z,1.001
2023-08-23T08:16:31.365Z,1.001
2023-08-23T09:12:33.827Z,0.998574
2023-08-23T10:13:27.231Z,0.999273
2023-08-23T11:10:24.502Z,0.999308
2023-08-23T12:25:06.195Z,0.999928
2023-08-23T13:15:46.350Z,0.999569
2023-08-23T14:11:50.242Z,1
2023-08-23T15:13:06.033Z,0.998283
2023-08-23T16:16:31.605Z,0.999056
2023-08-23T17:10:51.543Z,0.998201
2023-08-23T18:14:12.349Z,1
2023-08-23T19:09:55.181Z,1
2023-08-23T20:12:51.390Z,0.998166
2023-08-23T21:11:15.277Z,1
2023-08-23T22:11:40.416Z,0.99786
2023-08-23T23:12:53.671Z,0.999939
2023-08-24T00:56:06.846Z,0.998364
2023-08-24T01:45:25.380Z,0.999329
2023-08-24T02:17:38.759Z,0.999149
2023-08-24T03:13:20.350Z,0.999882
2023-08-24T04:14:57.590Z,0.999954
2023-08-24T05:12:00.751Z,1.001
2023-08-24T06:16:42.027Z,1
2023-08-24T07:12:00.260Z,1
2023-08-24T08:16:17.180Z,1
2023-08-24T09:12:33.412Z,1.001
2023-08-24T10:13:30.844Z,0.999988
2023-08-24T11:10:35.414Z,1
2023-08-24T12:27:19.731Z,0.997172
2023-08-24T13:16:05.033Z,0.999761
2023-08-24T14:11:57.898Z,0.999964
2023-08-24T15:13:14.805Z,0.997963
2023-08-24T16:16:40.160Z,0.99961
2023-08-24T17:11:39.063Z,0.99922
2023-08-24T18:16:01.772Z,1
2023-08-24T19:10:23.121Z,1
2023-08-24T20:13:27.470Z,1.001
2023-08-24T21:11:02.283Z,1.001
2023-08-24T22:11:55.708Z,1
2023-08-24T23:12:45.176Z,0.999476
2023-08-25T00:57:31.239Z,0.99998
2023-08-25T01:50:51.733Z,1
2023-08-25T02:18:51.232Z,1
2023-08-25T03:13:31.816Z,0.999717
2023-08-25T04:15:27.381Z,1
2023-08-25T05:11:44.717Z,0.999214
2023-08-25T06:16:49.052Z,1
2023-08-25T07:12:01.332Z,1.002
2023-08-25T08:16:08.870Z,0.999241
2023-08-25T09:12:26.446Z,1
2023-08-25T10:13:27.670Z,0.999217
2023-08-25T11:10:35.252Z,0.999875
2023-08-25T12:24:36.996Z,0.999517
2023-08-25T13:15:15.293Z,1
2023-08-25T14:11:39.518Z,1.001
2023-08-25T15:13:10.514Z,0.999899
2023-08-25T16:16:37.647Z,1
2023-08-25T17:11:22.899Z,0.999882
2023-08-25T18:15:52.799Z,0.999677
2023-08-25T19:10:22.764Z,1.001
2023-08-25T20:13:12.818Z,0.999921
2023-08-25T21:11:02.119Z,1
2023-08-25T22:12:05.628Z,1
2023-08-25T23:13:04.178Z,0.999965
2023-08-26T00:55:16.339Z,0.999815
2023-08-26T01:42:20.658Z,0.999934
2023-08-26T02:15:45.291Z,1
2023-08-26T03:12:55.301Z,0.999874
2023-08-26T04:14:40.053Z,0.999355
2023-08-26T05:11:19.313Z,1
2023-08-26T06:15:35.846Z,0.999624
2023-08-26T07:10:40.165Z,1
2023-08-26T08:14:34.986Z,0.999911
2023-08-26T09:11:15.926Z,0.999848
2023-08-26T10:12:52.701Z,0.999858
2023-08-26T12:21:45.003Z,0.999809
2023-08-26T13:13:47.775Z,0.999738
2023-08-26T14:10:33.096Z,0.999936
2023-08-26T15:12:21.424Z,1
2023-08-26T16:14:55.733Z,1
2023-08-26T17:10:43.934Z,0.999971
2023-08-26T18:14:51.378Z,1.001
2023-08-26T19:09:19.916Z,1.001
2023-08-26T20:12:10.916Z,1
2023-08-26T21:10:09.292Z,0.999845
2023-08-26T22:11:04.854Z,1
2023-08-26T23:12:10.737Z,0.999773
2023-08-27T01:00:24.892Z,0.999511
2023-08-27T01:54:36.325Z,0.999427
2023-08-27T02:18:55.874Z,1
2023-08-27T03:13:06.137Z,1
2023-08-27T04:14:46.065Z,0.999949
2023-08-27T05:11:31.115Z,1
2023-08-27T06:16:04.624Z,0.999871
2023-08-27T07:10:49.103Z,0.99969
2023-08-27T08:14:52.016Z,1
2023-08-27T09:11:41.555Z,0.99996
2023-08-27T10:12:28.607Z,1
2023-08-27T11:09:40.151Z,0.999822
2023-08-27T12:22:17.408Z,0.999804
2023-08-27T13:13:35.880Z,1
2023-08-27T14:10:39.064Z,1.001
2023-08-27T15:11:32.740Z,0.9998
2023-08-27T16:15:02.571Z,0.999638
2023-08-27T17:10:22.946Z,0.999933
2023-08-27T18:14:53.998Z,1
2023-08-27T19:09:56.786Z,0.999787
2023-08-27T20:12:20.375Z,0.999913
2023-08-27T21:10:35.432Z,1
2023-08-27T22:11:06.587Z,0.99998
2023-08-27T23:11:47.850Z,0.999822
2023-08-28T00:58:18.154Z,0.998724
2023-08-28T01:52:02.159Z,1
2023-08-28T02:18:57.562Z,0.999866
2023-08-28T03:13:25.526Z,0.999865
2023-08-28T04:15:35.270Z,0.999981
2023-08-28T05:12:40.264Z,0.999697
2023-08-28T06:17:15.831Z,1
2023-08-28T07:12:31.446Z,0.999674
2023-08-28T08:16:57.134Z,1.001
2023-08-28T09:13:29.490Z,0.999857
2023-08-28T10:14:11.484Z,0.999755
2023-08-28T11:10:54.701Z,0.999744
2023-08-28T12:25:58.485Z,1.001
2023-08-28T13:16:23.516Z,0.999054
2023-08-28T14:11:09.902Z,0.999496
2023-08-28T15:13:33.522Z,1
2023-08-28T16:16:48.074Z,1
2023-08-28T17:11:27.661Z,0.999856
2023-08-28T18:16:29.169Z,0.999473
2023-08-28T19:10:29.915Z,1
2023-08-28T20:13:46.022Z,0.999479
2023-08-28T21:11:11.290Z,1
2023-08-28T22:12:00.100Z,0.999962
2023-08-28T23:12:47.021Z,0.999775
2023-08-29T00:58:04.321Z,1
2023-08-29T02:06:35.064Z,0.999826
2023-08-29T02:48:22.606Z,0.99971
2023-08-29T03:14:15.227Z,0.999541
2023-08-29T04:15:20.722Z,0.999794
2023-08-29T05:12:08.604Z,1
2023-08-29T06:17:10.585Z,0.9987
2023-08-29T07:12:09.291Z,0.99996
2023-08-29T08:17:01.971Z,0.999895
2023-08-29T09:13:10.244Z,0.999454
2023-08-29T10:14:13.475Z,0.999578
2023-08-29T11:10:44.919Z,0.999693
2023-08-29T12:25:36.073Z,0.999624
2023-08-29T13:16:53.658Z,1
2023-08-29T14:11:57.507Z,1.003
2023-08-29T15:13:28.687Z,1.007
2023-08-29T16:16:58.578Z,1
2023-08-29T17:11:56.394Z,1
2023-08-29T18:16:35.261Z,0.999953
2023-08-29T19:10:28.620Z,0.999928
2023-08-29T20:13:51.676Z,1
2023-08-29T21:11:18.834Z,1.002
2023-08-29T22:13:40.766Z,0.999933
2023-08-29T23:11:22.999Z,0.999914
2023-08-30T00:57:39.493Z,1.001
2023-08-30T01:50:18.926Z,0.999702
2023-08-30T02:18:17.154Z,1
2023-08-30T03:13:33.959Z,0.999626
2023-08-30T04:15:32.052Z,1.001
2023-08-30T05:12:19.399Z,1
2023-08-30T06:16:59.144Z,0.999731
2023-08-30T07:12:16.637Z,0.999484
2023-08-30T08:16:53.204Z,0.999909
2023-08-30T09:12:42.872Z,0.999972
2023-08-30T10:13:46.057Z,0.999138
2023-08-30T11:10:47.971Z,0.999757
2023-08-30T12:25:29.601Z,1
2023-08-30T13:16:23.278Z,1
2023-08-30T14:11:46.719Z,0.999036
2023-08-30T15:13:40.234Z,0.996453
2023-08-30T16:16:48.037Z,0.999836
2023-08-30T17:11:34.816Z,0.99954
2023-08-30T18:16:28.081Z,0.998827
2023-08-30T19:10:37.528Z,0.999256
2023-08-30T20:13:54.652Z,0.998939
2023-08-30T21:12:15.082Z,1
2023-08-30T22:12:06.594Z,1.001
2023-08-30T23:12:48.639Z,1
2023-08-31T00:57:48.196Z,0.998305
2023-08-31T01:51:28.787Z,0.999844
2023-08-31T02:18:42.496Z,0.999598
2023-08-31T03:13:17.689Z,0.999982
2023-08-31T04:15:29.482Z,0.999866
2023-08-31T05:12:10.657Z,0.99948
2023-08-31T06:17:09.084Z,1
2023-08-31T07:12:18.384Z,0.999713
2023-08-31T08:17:12.174Z,0.999378
2023-08-31T09:13:05.384Z,0.999385
2023-08-31T10:13:57.887Z,1
2023-08-31T11:10:45.907Z,1
2023-08-31T12:25:28.850Z,1.002
2023-08-31T13:16:18.860Z,0.998359
2023-08-31T14:12:30.366Z,1.001
2023-08-31T15:13:40.649Z,0.999856
2023-08-31T16:17:06.651Z,0.999962
2023-08-31T17:11:51.130Z,0.996946
2023-08-31T18:16:27.421Z,1.001
2023-08-31T19:09:11.629Z,1
2023-08-31T20:13:44.123Z,1
2023-08-31T21:11:17.851Z,0.997822
2023-08-31T22:12:01.038Z,1
2023-08-31T23:13:01.496Z,0.998702
2023-09-01T01:01:28.751Z,1
2023-09-01T02:22:52.984Z,1
2023-09-01T03:13:41.267Z,0.999744
2023-09-01T04:15:51.791Z,0.999715
2023-09-01T05:12:22.549Z,0.9995
2023-09-01T06:17:21.604Z,0.999365
2023-09-01T07:12:14.848Z,0.99895
2023-09-01T08:16:29.862Z,0.999519
2023-09-01T09:13:00.165Z,1
2023-09-01T10:13:48.360Z,1
2023-09-01T11:11:10.825Z,1
2023-09-01T12:24:50.455Z,1
2023-09-01T13:15:48.125Z,1
2023-09-01T14:12:03.719Z,0.999378
2023-09-01T15:13:09.713Z,1
2023-09-01T16:16:48.618Z,0.996727
2023-09-01T17:11:55.020Z,0.999148
2023-09-01T18:14:52.875Z,1.003
2023-09-01T19:10:26.421Z,1.003
2023-09-01T20:13:28.646Z,1
2023-09-01T21:11:16.437Z,0.998994
2023-09-01T22:11:51.308Z,0.999868
2023-09-01T23:12:12.340Z,0.999589
2023-09-02T15:46:00.799Z,1
2023-09-02T16:15:08.583Z,1
2023-09-02T17:10:32.299Z,1
2023-09-02T18:14:55.699Z,0.998848
2023-09-02T19:09:39.771Z,1.001
2023-09-02T20:12:28.973Z,0.999576
2023-09-02T21:10:30.362Z,1
2023-09-02T22:11:05.326Z,1.001
2023-09-02T23:11:48.097Z,1
2023-09-03T01:00:36.664Z,1
2023-09-03T01:55:05.193Z,1
2023-09-03T02:19:28.513Z,1
2023-09-03T03:12:59.531Z,0.99976
2023-09-03T04:14:49.968Z,0.999966
2023-09-03T05:11:53.944Z,1
2023-09-03T06:16:12.506Z,0.999946
2023-09-03T07:11:04.889Z,1
2023-09-03T08:14:57.375Z,0.999594
2023-09-03T09:11:36.297Z,0.999995
2023-09-03T10:12:34.771Z,0.999834
2023-09-03T11:09:58.997Z,1
2023-09-03T12:22:36.548Z,1
2023-09-03T13:13:54.240Z,0.998521
2023-09-03T14:10:44.607Z,0.999836
2023-09-03T15:12:14.998Z,0.999373
2023-09-03T16:15:23.259Z,1
2023-09-03T17:11:34.349Z,0.999722
2023-09-03T18:14:53.202Z,1
2023-09-03T19:09:51.241Z,0.999823
2023-09-03T20:12:39.502Z,0.999434
2023-09-03T21:10:29.140Z,0.999623
2023-09-03T22:11:41.685Z,0.999791
2023-09-03T23:12:21.609Z,0.999627
2023-09-04T00:58:29.178Z,0.999509
2023-09-04T01:52:49.835Z,0.999736
2023-09-04T02:19:16.435Z,0.99972
2023-09-04T03:13:19.782Z,0.997918
2023-09-04T04:15:53.433Z,0.999844
2023-09-04T05:12:42.746Z,0.99974
2023-09-04T06:17:35.299Z,0.999642
2023-09-04T07:12:48.584Z,0.999881
2023-09-04T08:17:36.462Z,0.999376
2023-09-04T09:13:40.812Z,0.999772
2023-09-04T10:14:13.630Z,0.99957
2023-09-04T11:11:16.914Z,0.99909
2023-09-04T12:25:31.742Z,1
2023-09-04T13:16:41.351Z,0.999476
2023-09-04T15:13:08.429Z,1.001
2023-09-04T16:16:38.484Z,1
2023-09-04T17:11:37.082Z,0.999828
2023-09-04T18:15:37.306Z,1
2023-09-04T19:10:12.474Z,0.998558
2023-09-04T20:12:57.153Z,0.99983
2023-09-04T21:11:01.803Z,1
2023-09-04T22:11:43.957Z,0.998996
2023-09-04T23:12:18.236Z,0.999668
2023-09-05T00:56:41.843Z,0.999591
2023-09-05T01:48:25.528Z,1
2023-09-05T02:18:02.207Z,0.999002
2023-09-05T03:13:50.053Z,0.997783
2023-09-05T05:12:27.433Z,0.999413
2023-09-05T06:16:59.424Z,0.999031
2023-09-05T07:12:05.622Z,0.999452
2023-09-05T08:16:54.290Z,0.999464
2023-09-05T09:13:14.926Z,0.999337
2023-09-05T10:13:56.757Z,0.999407
2023-09-05T11:11:01.430Z,0.999518
2023-09-05T12:25:19.875Z,0.997138
2023-09-05T13:16:52.885Z,0.998281
2023-09-05T14:12:15.066Z,0.999292
2023-09-05T15:13:39.632Z,0.9996
2023-09-05T16:17:04.138Z,0.999631
2023-09-05T17:12:01.076Z,0.999684
2023-09-05T18:16:38.037Z,0.999669
2023-09-05T19:10:38.190Z,0.999764
2023-09-05T20:13:52.739Z,0.999959
2023-09-05T21:11:15.167Z,0.99948
2023-09-05T22:12:13.868Z,1
2023-09-05T23:12:41.157Z,0.999922
2023-09-06T00:57:58.013Z,0.999543
2023-09-06T01:50:53.893Z,0.999747
2023-09-06T02:18:29.346Z,0.999814
2023-09-06T03:13:27.105Z,0.999684
2023-09-06T04:15:42.879Z,0.999696
2023-09-06T05:12:34.154Z,0.999422
2023-09-06T06:17:13.785Z,0.999361
2023-09-06T07:12:20.415Z,0.999623
2023-09-06T08:16:48.546Z,0.999626
2023-09-06T09:13:10.959Z,0.999731
2023-09-06T10:14:09.416Z,0.999784
2023-09-06T11:10:56.997Z,0.999893
2023-09-06T12:26:16.314Z,0.999907
2023-09-06T13:16:58.485Z,0.999956
2023-09-06T14:12:36.037Z,1.002
2023-09-06T15:15:01.137Z,0.999506
2023-09-06T16:17:26.049Z,0.999547
2023-09-06T17:11:44.701Z,0.999159
2023-09-06T18:16:42.445Z,1.004
2023-09-06T19:10:44.275Z,1.001
2023-09-06T20:13:35.319Z,0.99933
2023-09-06T21:11:14.627Z,0.998706
2023-09-06T22:11:44.010Z,0.999789
2023-09-06T23:12:26.433Z,0.999911
2023-09-07T00:57:08.499Z,1
2023-09-07T01:50:23.256Z,1
2023-09-07T02:18:25.862Z,0.999853
2023-09-07T03:13:21.670Z,1
2023-09-07T04:16:05.486Z,0.999804
2023-09-07T05:12:30.416Z,1
2023-09-07T06:16:51.957Z,0.999676
2023-09-07T07:12:07.774Z,0.999639
2023-09-07T08:16:47.584Z,0.999878
2023-09-07T09:13:08.393Z,0.999312
2023-09-07T10:13:50.849Z,0.999613
2023-09-07T11:11:33.851Z,0.999678
2023-09-07T12:25:31.244Z,0.999242
2023-09-07T13:16:13.159Z,0.999795
2023-09-07T14:12:29.703Z,0.999875
2023-09-07T15:13:27.985Z,1
2023-09-07T16:17:09.282Z,0.999939
2023-09-07T17:11:30.007Z,0.999908
2023-09-07T18:16:26.033Z,0.999245
2023-09-07T19:10:41.987Z,0.99907
2023-09-07T20:13:33.856Z,0.999931
2023-09-07T21:11:38.615Z,1.001
2023-09-07T22:12:09.358Z,1.002
2023-09-07T23:13:03.721Z,1.002
2023-09-08T00:57:27.951Z,0.999423
2023-09-08T01:51:05.913Z,0.999152
2023-09-08T02:18:54.209Z,1
2023-09-08T03:13:03.914Z,1
2023-09-08T04:15:42.656Z,1
2023-09-08T05:12:22.925Z,1
2023-09-08T06:17:09.526Z,0.999949
2023-09-08T07:12:19.683Z,0.999272
2023-09-08T08:16:21.092Z,0.999695
2023-09-08T09:12:45.696Z,1.001
2023-09-08T10:13:46.087Z,0.998907
2023-09-08T11:11:02.650Z,0.999706
2023-09-08T12:24:49.515Z,1.001
2023-09-08T13:15:47.951Z,1
2023-09-08T14:12:24.436Z,1
2023-09-08T15:11:19.331Z,0.999858
2023-09-08T16:16:33.376Z,0.999472
2023-09-08T17:11:28.270Z,1
2023-09-08T18:16:13.743Z,1
2023-09-08T19:10:18.871Z,1.001
2023-09-08T20:13:20.452Z,1
2023-09-08T21:11:11.685Z,1
2023-09-08T22:11:51.964Z,1
2023-09-08T23:12:37.358Z,0.999887
2023-09-09T00:56:15.326Z,0.999691
2023-09-09T01:43:25.353Z,0.999852
2023-09-09T02:16:22.367Z,0.999273
2023-09-09T03:13:00.829Z,0.999913
2023-09-09T04:14:47.291Z,0.999903
2023-09-09T05:11:35.022Z,0.999697
2023-09-09T06:15:22.989Z,0.999346
2023-09-09T07:11:13.881Z,0.999826
2023-09-09T08:15:06.074Z,0.999679
2023-09-09T09:11:20.559Z,0.999326
2023-09-09T10:12:22.641Z,0.999668
2023-09-09T11:09:47.818Z,0.999843
2023-09-09T12:22:17.768Z,0.999865
2023-09-09T13:13:33.383Z,1
2023-09-09T14:10:49.621Z,0.999773
2023-09-09T15:11:45.673Z,0.999873
2023-09-09T16:15:02.774Z,0.999911
2023-09-09T17:10:34.630Z,0.999979
2023-09-09T18:14:50.442Z,0.999892
2023-09-09T19:09:39.426Z,0.999862
2023-09-09T20:12:27.765Z,0.99988
2023-09-09T21:10:45.949Z,0.999953
2023-09-09T22:11:12.784Z,0.999996
2023-09-09T23:12:14.874Z,0.999915
2023-09-10T01:01:06.114Z,1
2023-09-10T02:20:52.247Z,0.999918
2023-09-10T03:13:00.106Z,1
2023-09-10T04:14:56.065Z,0.999969
2023-09-10T05:11:40.458Z,1
2023-09-10T06:15:42.662Z,0.999892
2023-09-10T07:11:22.088Z,0.999948
2023-09-10T08:14:55.927Z,0.9998
2023-09-10T09:11:34.278Z,1
2023-09-10T10:12:18.918Z,0.999797
2023-09-10T11:10:03.294Z,0.999634
2023-09-10T12:22:26.331Z,1
2023-09-10T13:13:50.759Z,0.999802
2023-09-10T14:10:43.846Z,0.999884
2023-09-10T15:11:56.022Z,0.999272
2023-09-10T16:16:00.841Z,0.999875
2023-09-10T17:10:48.992Z,0.998266
2023-09-10T18:14:47.008Z,0.998974
2023-09-10T19:09:54.208Z,0.999601
2023-09-10T20:12:34.747Z,1
2023-09-10T21:10:39.882Z,1.001
2023-09-10T22:11:32.070Z,0.999565
2023-09-10T23:12:23.176Z,0.999734
2023-09-11T00:58:15.613Z,0.999867
2023-09-11T01:52:41.132Z,0.999933
2023-09-11T02:19:58.260Z,0.999735
2023-09-11T03:13:40.484Z,0.999443
2023-09-11T04:15:49.915Z,0.999837
2023-09-11T05:12:34.592Z,0.999814
2023-09-11T06:17:33.832Z,1
2023-09-11T07:13:06.166Z,0.99975
2023-09-11T08:17:25.981Z,0.999721
2023-09-11T09:14:06.005Z,0.999803
2023-09-11T10:14:27.003Z,0.998764
2023-09-11T11:11:23.700Z,1
2023-09-11T12:26:24.167Z,0.997997
2023-09-11T13:17:09.983Z,0.999841
2023-09-11T14:13:07.024Z,0.998389
2023-09-11T15:13:45.363Z,1
2023-09-11T16:17:30.699Z,0.99813
2023-09-11T17:12:36.285Z,1
2023-09-11T18:16:44.233Z,1
2023-09-11T19:10:36.921Z,0.999253
2023-09-11T20:12:47.368Z,0.999836
2023-09-11T21:11:18.333Z,0.999617
2023-09-11T22:12:01.806Z,1
2023-09-11T23:13:50.187Z,0.999575
2023-09-12T00:56:21.684Z,1
2023-09-12T01:47:58.696Z,0.999843
2023-09-12T02:18:14.257Z,1
2023-09-12T03:13:15.441Z,0.998928
2023-09-12T04:15:39.012Z,0.99973
2023-09-12T05:12:14.009Z,1
2023-09-12T06:16:53.656Z,1.001
2023-09-12T07:12:14.473Z,0.999538
2023-09-12T08:16:46.650Z,1.001
2023-09-12T09:13:09.757Z,0.999921
2023-09-12T10:14:21.903Z,0.999132
2023-09-12T11:11:14.193Z,0.999753
2023-09-12T12:25:32.220Z,0.99918
2023-09-12T13:16:59.195Z,1
2023-09-12T14:12:21.044Z,1
2023-09-12T15:13:44.278Z,1
2023-09-12T16:17:04.437Z,0.998061
2023-09-12T17:11:46.667Z,1
2023-09-12T18:16:34.646Z,1
2023-09-12T19:10:20.254Z,0.998406
2023-09-12T20:14:13.798Z,0.999953
2023-09-12T21:11:20.235Z,0.99979
2023-09-12T22:12:03.590Z,0.999643
2023-09-12T23:12:53.500Z,0.999971
2023-09-13T00:58:54.888Z,0.999608
2023-09-13T01:53:18.536Z,1
2023-09-13T02:19:16.035Z,0.999727
2023-09-13T03:13:24.119Z,1
2023-09-13T04:15:54.520Z,1.001
2023-09-13T05:12:22.762Z,0.999807
2023-09-13T06:17:16.010Z,0.999445
2023-09-13T07:12:19.692Z,1
2023-09-13T08:17:05.928Z,1
2023-09-13T09:13:38.661Z,0.999722
2023-09-13T10:14:07.632Z,0.999236
2023-09-13T11:10:59.950Z,0.999982
2023-09-13T12:26:19.977Z,0.999884
2023-09-13T13:16:59.820Z,0.998392
2023-09-13T14:12:25.903Z,0.998741
2023-09-13T15:13:50.938Z,1
2023-09-13T16:16:42.665Z,0.999938
2023-09-13T17:11:46.607Z,0.999737
2023-09-13T18:16:38.734Z,1
2023-09-13T19:10:49.395Z,1.001
2023-09-13T20:11:57.637Z,1.001
2023-09-13T21:09:50.054Z,0.999787
2023-09-13T22:11:57.312Z,1
2023-09-13T23:12:46.816Z,0.999952
2023-09-14T00:57:40.336Z,1.001
2023-09-14T01:50:22.428Z,0.999922
2023-09-14T02:18:52.200Z,1
2023-09-14T03:13:16.990Z,1.001
2023-09-14T04:15:26.818Z,0.999894
2023-09-14T05:12:27.713Z,1
2023-09-14T06:17:35.939Z,1
2023-09-14T07:12:36.957Z,1.001
2023-09-14T08:16:44.139Z,1
2023-09-14T09:13:17.380Z,0.99991
2023-09-14T10:14:46.840Z,1
2023-09-14T11:11:30.368Z,1.002
2023-09-14T12:25:43.843Z,1.001
2023-09-14T13:17:16.566Z,1.001
2023-09-14T14:13:24.600Z,1.001
2023-09-14T15:13:55.167Z,0.998595
2023-09-14T16:17:04.258Z,1
2023-09-14T17:12:05.540Z,0.999885
2023-09-14T18:16:49.249Z,1
2023-09-14T19:08:54.887Z,0.999835
2023-09-14T20:13:37.225Z,0.999945
2023-09-14T21:11:36.694Z,0.999253
2023-09-14T22:12:06.438Z,1
2023-09-14T23:12:58.390Z,0.999873
2023-09-15T00:58:49.401Z,1
2023-09-15T01:53:44.800Z,1
2023-09-15T02:20:54.923Z,1
2023-09-15T03:13:18.836Z,1
2023-09-15T04:15:39.998Z,0.999547
2023-09-15T05:12:37.696Z,1
2023-09-15T06:17:22.443Z,0.999839
2023-09-15T07:12:06.036Z,1
2023-09-15T08:16:54.517Z,1
2023-09-15T09:13:15.750Z,1
2023-09-15T10:13:55.196Z,1
2023-09-15T11:10:59.575Z,1
2023-09-15T12:25:22.565Z,0.999249
2023-09-15T13:16:16.413Z,1.001
2023-09-15T14:12:03.297Z,0.999525
2023-09-15T15:13:14.694Z,1.001
2023-09-15T16:17:08.807Z,1.001
2023-09-15T17:11:58.809Z,0.99982
2023-09-15T18:16:39.668Z,0.999782
2023-09-15T19:10:29.626Z,1
2023-09-15T20:13:27.140Z,0.999918
2023-09-15T21:11:01.524Z,0.999251
2023-09-15T22:11:50.269Z,1
2023-09-15T23:12:30.641Z,1.001
2023-09-16T00:56:56.824Z,0.999957
2023-09-16T01:47:36.581Z,1
2023-09-16T02:16:49.961Z,0.999993
2023-09-16T03:12:56.654Z,1
2023-09-16T04:15:05.501Z,1
2023-09-16T05:11:42.950Z,1
2023-09-16T06:15:31.797Z,1
2023-09-16T07:11:13.817Z,0.999984
2023-09-16T08:15:12.757Z,0.999937
2023-09-16T09:12:22.446Z,0.999957
2023-09-16T10:12:20.538Z,0.999431
2023-09-16T11:09:48.878Z,1
2023-09-16T12:22:18.732Z,0.999947
2023-09-16T13:13:38.000Z,0.999926
2023-09-16T14:10:51.384Z,0.999814
2023-09-16T15:12:02.433Z,0.999852
2023-09-16T16:15:06.973Z,1
2023-09-16T17:10:28.728Z,1
2023-09-16T18:15:16.865Z,1.001
2023-09-16T19:10:12.235Z,0.999653
2023-09-16T20:12:43.605Z,1
2023-09-16T21:10:33.809Z,0.999763
2023-09-16T22:11:35.758Z,1
2023-09-16T23:12:16.278Z,0.999926
2023-09-17T01:01:20.054Z,0.999857
2023-09-17T02:20:09.528Z,1
2023-09-17T03:13:05.124Z,0.999795
2023-09-17T04:14:37.671Z,1
2023-09-17T05:12:40.390Z,0.999549
2023-09-17T06:16:01.318Z,1
2023-09-17T07:11:31.574Z,0.999938
2023-09-17T08:15:00.356Z,1
2023-09-17T09:11:57.990Z,0.999856
2023-09-17T10:12:21.781Z,0.999991
2023-09-17T11:10:05.346Z,1
2023-09-17T12:23:03.173Z,1
2023-09-17T13:13:40.949Z,0.999737
2023-09-17T14:10:33.085Z,0.999905
2023-09-17T15:11:56.810Z,1.001
2023-09-17T16:15:21.428Z,1
2023-09-17T17:10:39.275Z,0.999708
2023-09-17T18:15:24.574Z,0.999968
2023-09-17T19:10:21.626Z,1
2023-09-17T20:12:52.621Z,0.999996
2023-09-17T21:10:58.833Z,0.999874
2023-09-17T22:11:32.035Z,0.999972
2023-09-17T23:12:17.246Z,0.999765
2023-09-18T00:58:18.388Z,1
2023-09-18T01:52:40.632Z,0.999738
2023-09-18T02:19:43.592Z,0.999687
2023-09-18T03:13:29.358Z,1
2023-09-18T04:15:49.123Z,0.998634
2023-09-18T05:12:38.315Z,1
2023-09-18T06:17:32.617Z,1
2023-09-18T07:12:54.826Z,0.999221
2023-09-18T08:17:43.015Z,1
2023-09-18T09:14:06.798Z,0.999934
2023-09-18T10:14:27.374Z,1.001
2023-09-18T11:11:09.951Z,1.001
2023-09-18T12:26:21.724Z,0.999966
2023-09-18T13:15:30.932Z,0.998645
2023-09-18T14:12:51.973Z,1.001
2023-09-18T15:14:08.768Z,1
2023-09-18T16:17:31.515Z,1
2023-09-18T17:12:01.699Z,1
2023-09-18T18:17:21.376Z,1
2023-09-18T19:10:39.034Z,1.001
2023-09-18T20:13:55.274Z,0.998221
2023-09-18T21:11:23.189Z,1
2023-09-18T22:12:13.894Z,1
2023-09-18T23:12:47.693Z,1
2023-09-19T00:59:01.146Z,0.999371
2023-09-19T01:54:29.754Z,1
2023-09-19T02:20:29.570Z,0.999382
2023-09-19T03:13:51.563Z,1.001
2023-09-19T04:16:21.290Z,1
2023-09-19T05:12:39.626Z,1.001
2023-09-19T06:17:38.559Z,1
2023-09-19T07:12:19.018Z,0.999991
2023-09-19T08:17:51.070Z,1
2023-09-19T09:13:27.691Z,1.001
2023-09-19T10:14:18.652Z,0.999784
2023-09-19T11:11:16.832Z,1
2023-09-19T12:26:27.185Z,1.001
2023-09-19T13:16:39.750Z,1
2023-09-19T14:12:43.577Z,0.999013
2023-09-19T15:14:06.865Z,0.999447
2023-09-19T16:17:43.637Z,1.001
2023-09-19T17:11:56.923Z,1
2023-09-19T18:17:19.433Z,1
2023-09-19T19:10:51.922Z,1
2023-09-19T20:13:47.757Z,1.001
2023-09-19T21:11:31.292Z,1
2023-09-19T22:12:14.009Z,1
2023-09-19T23:12:37.208Z,0.999614
2023-09-20T00:58:31.145Z,1
2023-09-20T01:52:28.182Z,1
2023-09-20T02:19:34.920Z,1
2023-09-20T03:13:42.597Z,0.999916
2023-09-20T04:16:01.160Z,1
2023-09-20T05:12:36.438Z,0.999024
2023-09-20T06:18:14.099Z,0.999948
2023-09-20T07:12:42.235Z,1.002
2023-09-20T08:17:07.748Z,1
2023-09-20T09:13:39.581Z,1.001
2023-09-20T10:14:32.968Z,0.999923
2023-09-20T11:11:15.329Z,0.999845
2023-09-20T12:26:30.872Z,0.999881
2023-09-20T13:17:21.325Z,0.999913
2023-09-20T14:13:18.392Z,0.999403
2023-09-20T15:13:43.459Z,1
2023-09-20T16:17:50.410Z,0.999931
2023-09-20T17:12:24.396Z,0.999514
2023-09-20T18:17:31.061Z,0.999924
2023-09-20T19:10:52.821Z,1
2023-09-20T20:13:42.237Z,1.003
2023-09-20T21:11:22.473Z,0.999974
2023-09-20T22:12:28.212Z,1
2023-09-20T23:12:41.710Z,0.99972
2023-09-21T00:57:54.132Z,1.001
2023-09-21T01:51:00.160Z,1
2023-09-21T02:18:38.107Z,1
2023-09-21T03:13:06.912Z,1.001
2023-09-21T04:15:43.992Z,0.999573
2023-09-21T05:12:30.590Z,0.999296
2023-09-21T06:17:42.910Z,1
2023-09-21T07:12:18.810Z,0.999972
2023-09-21T08:17:16.188Z,0.999538
2023-09-21T09:13:37.028Z,0.999919
2023-09-21T10:14:21.676Z,1.001
2023-09-21T11:11:21.595Z,1.001
2023-09-21T12:26:26.511Z,0.998408
2023-09-21T13:17:13.935Z,0.999512
2023-09-21T14:12:57.428Z,1
2023-09-21T15:12:39.932Z,0.999618
2023-09-21T16:16:33.601Z,1
2023-09-21T17:12:21.927Z,1
2023-09-21T18:17:22.807Z,1
2023-09-21T19:10:41.523Z,1
2023-09-21T23:13:11.957Z,1
2023-09-22T00:58:35.696Z,1
2023-09-22T01:52:48.770Z,0.999134
2023-09-22T02:19:48.680Z,0.999986
2023-09-22T03:13:31.802Z,1
2023-09-22T04:15:40.850Z,0.999576
2023-09-22T05:12:36.557Z,0.999932
2023-09-22T06:17:40.333Z,0.999763
2023-09-22T07:11:58.998Z,0.999699
2023-09-22T08:17:12.327Z,0.999922
2023-09-22T09:13:03.019Z,0.999794
2023-09-22T10:14:27.594Z,0.99986
2023-09-22T11:11:14.821Z,0.999928
2023-09-22T12:25:36.972Z,0.999915
2023-09-22T13:16:28.371Z,0.999972
2023-09-22T14:12:15.421Z,1
2023-09-22T15:13:39.771Z,1.001
2023-09-22T16:17:06.226Z,1
2023-09-22T17:11:47.325Z,1
2023-09-22T18:16:42.348Z,1
2023-09-22T19:10:44.177Z,1.001
2023-09-22T20:13:39.704Z,1
2023-09-22T21:11:03.701Z,0.999375
2023-09-22T22:11:47.526Z,1
2023-09-22T23:12:37.144Z,1
2023-09-23T00:56:39.861Z,1
2023-09-23T01:46:44.440Z,1.001
2023-09-23T02:16:51.744Z,0.999982
2023-09-23T03:12:47.046Z,1
2023-09-23T04:14:36.105Z,1
2023-09-23T05:11:41.937Z,1
2023-09-23T06:16:05.350Z,1
2023-09-23T07:11:08.626Z,1
2023-09-23T08:14:43.654Z,1
2023-09-23T09:11:48.005Z,1
2023-09-23T10:12:12.392Z,1
2023-09-23T11:10:01.682Z,1
2023-09-23T12:22:54.886Z,1
2023-09-23T13:13:39.921Z,1
2023-09-23T14:10:26.536Z,1
2023-09-23T15:11:51.074Z,0.999937
2023-09-23T16:15:06.351Z,0.999961
2023-09-23T17:10:48.203Z,0.999665
2023-09-23T18:15:20.199Z,1
2023-09-23T19:09:38.059Z,1
2023-09-23T20:12:19.690Z,1
2023-09-23T21:10:27.176Z,0.999683
2023-09-23T22:11:19.745Z,1
2023-09-23T23:12:03.174Z,1
2023-09-24T01:01:44.973Z,1
2023-09-24T02:20:27.387Z,0.999935
2023-09-24T03:12:49.658Z,1
2023-09-24T04:14:46.075Z,0.999999
2023-09-24T05:12:47.682Z,1
2023-09-24T06:15:54.060Z,0.999989
2023-09-24T07:11:40.261Z,0.999882
2023-09-24T08:15:03.428Z,1
2023-09-24T09:11:41.882Z,1
2023-09-24T10:12:30.842Z,1
2023-09-24T11:09:54.831Z,0.99998
2023-09-24T12:23:03.664Z,1
2023-09-24T13:13:40.318Z,1
2023-09-24T14:10:37.190Z,1
2023-09-24T15:11:55.681Z,1
2023-09-24T16:15:31.864Z,0.999974
2023-09-24T17:10:55.987Z,0.999951
2023-09-24T18:15:15.889Z,0.999996
2023-09-24T19:09:47.612Z,0.999674
2023-09-24T20:12:47.030Z,0.999813
2023-09-24T21:10:30.480Z,0.999348
2023-09-24T22:11:42.778Z,0.998583
2023-09-24T23:12:11.846Z,0.999896
2023-09-25T00:59:11.340Z,1
2023-09-25T01:54:02.864Z,1
2023-09-25T02:21:12.824Z,1
2023-09-25T03:13:42.253Z,0.999967
2023-09-25T04:16:07.988Z,1
2023-09-25T05:12:28.585Z,0.99986
2023-09-25T06:18:16.498Z,0.999398
2023-09-25T07:12:45.787Z,0.999345
2023-09-25T08:17:36.200Z,0.999534
2023-09-25T09:13:58.950Z,0.999693
2023-09-25T10:14:54.855Z,0.999698
2023-09-25T11:11:10.484Z,0.999702
2023-09-25T12:26:40.985Z,0.999328
2023-09-25T13:17:14.063Z,0.999161
2023-09-25T14:12:48.568Z,1
2023-09-25T15:14:20.681Z,0.999541
2023-09-25T16:18:05.472Z,1.001
2023-09-25T17:12:22.001Z,1.001
2023-09-25T18:17:44.340Z,0.999796
2023-09-25T19:10:52.017Z,1
2023-09-25T20:14:06.402Z,1.002
2023-09-25T21:11:26.400Z,0.999958
2023-09-25T22:12:16.414Z,1
2023-09-25T23:12:37.234Z,1.001
2023-09-26T00:59:07.508Z,0.999986
2023-09-26T01:54:05.041Z,1.001
2023-09-26T02:20:07.128Z,1
2023-09-26T03:13:57.568Z,1
2023-09-26T04:15:58.858Z,1.001
2023-09-26T05:12:46.863Z,1
2023-09-26T06:17:49.717Z,1.001
2023-09-26T07:12:19.162Z,0.999987
2023-09-26T08:17:39.095Z,0.999992
2023-09-26T09:13:44.644Z,0.999492
2023-09-26T10:14:21.675Z,0.999185
2023-09-26T11:11:27.966Z,0.998963
2023-09-26T12:26:42.941Z,1
2023-09-26T13:17:28.533Z,1
2023-09-26T14:13:16.594Z,0.999109
2023-09-26T15:14:21.340Z,1
2023-09-26T16:17:39.276Z,1.001
2023-09-26T17:12:11.372Z,1
2023-09-26T18:17:17.949Z,0.999991
2023-09-26T19:10:45.297Z,1.001
2023-09-26T20:14:16.862Z,1
2023-09-26T21:11:48.461Z,0.99987
2023-09-26T22:12:16.592Z,1
2023-09-26T23:12:44.416Z,0.999838
2023-09-27T00:59:20.221Z,1
2023-09-27T01:54:04.784Z,1
2023-09-27T02:19:58.953Z,1
2023-09-27T03:13:57.580Z,1
2023-09-27T04:15:49.810Z,0.999958
2023-09-27T05:12:38.963Z,0.99986
2023-09-27T06:17:45.014Z,0.999968
2023-09-27T07:12:29.225Z,0.999941
2023-09-27T08:17:36.312Z,0.999895
2023-09-27T09:13:22.995Z,1
2023-09-27T10:14:27.792Z,1
2023-09-27T11:11:07.923Z,0.999963
2023-09-27T12:26:28.701Z,1
2023-09-27T13:17:35.192Z,1.003
2023-09-27T14:12:57.009Z,0.999928
2023-09-27T15:14:23.110Z,0.999197
2023-09-27T16:17:31.747Z,0.99963
2023-09-27T17:12:22.042Z,1
2023-09-27T18:17:25.350Z,1
2023-09-27T19:10:46.665Z,1.001
2023-09-27T20:13:57.154Z,1
2023-09-27T21:11:46.709Z,1
2023-09-27T22:11:56.883Z,1
2023-09-27T23:12:44.772Z,1.002
2023-09-28T00:58:33.893Z,1
2023-09-28T01:53:11.098Z,1.001
2023-09-28T02:19:27.693Z,0.999995
2023-09-28T03:13:22.727Z,0.999817
2023-09-28T04:15:52.331Z,1
2023-09-28T05:12:38.363Z,1
2023-09-28T06:17:35.106Z,0.999515
2023-09-28T07:12:59.083Z,1
2023-09-28T08:17:33.129Z,1
2023-09-28T09:13:06.117Z,0.999984
2023-09-28T10:13:53.828Z,1
2023-09-28T11:11:01.985Z,1
2023-09-28T12:26:10.168Z,0.99962
2023-09-28T13:16:53.763Z,1
2023-09-28T14:13:16.005Z,1.004
2023-09-28T15:13:59.138Z,1
2023-09-28T16:17:25.384Z,1.001
2023-09-28T17:11:53.523Z,1.001
2023-09-28T18:16:53.033Z,1
2023-09-28T19:10:36.244Z,0.999992
2023-09-28T20:12:42.529Z,0.99941
2023-09-28T21:11:56.806Z,1
2023-09-28T22:12:37.359Z,1.001
2023-09-28T23:12:56.539Z,1
2023-09-29T00:58:59.210Z,0.9996
2023-09-29T01:53:34.700Z,1.001
2023-09-29T02:19:48.028Z,0.99999
2023-09-29T03:13:29.255Z,0.999974
2023-09-29T04:16:14.236Z,1
2023-09-29T05:12:44.382Z,0.999927
2023-09-29T06:17:32.317Z,0.999858
2023-09-29T07:11:59.493Z,1.001
2023-09-29T08:17:18.930Z,1
2023-09-29T09:13:00.721Z,1
2023-09-29T10:14:02.506Z,0.999978
2023-09-29T11:11:08.703Z,1
2023-09-29T12:25:37.760Z,1
2023-09-29T13:16:12.744Z,0.999913
2023-09-29T14:10:52.549Z,1
2023-09-29T15:13:48.411Z,1
2023-09-29T16:16:54.639Z,0.998538
2023-09-29T17:12:12.604Z,0.999994
2023-09-29T18:17:03.992Z,0.999767
2023-09-29T19:11:05.843Z,0.999977
2023-09-29T20:13:42.553Z,0.999532
2023-09-29T21:11:23.607Z,0.999945
2023-09-29T22:11:55.760Z,1
2023-09-29T23:12:56.141Z,1
2023-09-30T00:57:26.976Z,1
2023-09-30T01:49:18.444Z,0.999654
2023-09-30T02:17:28.665Z,1
2023-09-30T03:13:01.705Z,1
2023-09-30T04:15:00.844Z,1
2023-09-30T05:11:40.895Z,1
2023-09-30T07:11:08.787Z,1
2023-09-30T08:15:22.998Z,1
2023-09-30T09:11:27.037Z,1
2023-09-30T10:12:26.179Z,1
2023-09-30T11:09:57.990Z,1
2023-09-30T12:22:59.592Z,1
2023-09-30T13:13:57.172Z,0.999947
2023-09-30T14:10:36.648Z,1.001
2023-09-30T15:11:52.655Z,1
2023-09-30T16:15:07.914Z,0.998463
2023-09-30T17:10:32.632Z,1
2023-09-30T18:15:45.513Z,0.999948
2023-09-30T19:09:38.558Z,1
2023-09-30T20:12:40.178Z,1
2023-09-30T21:10:39.518Z,1
2023-09-30T22:11:27.859Z,1.001
2023-09-30T23:12:01.172Z,0.999943
2023-10-01T01:06:40.120Z,1
2023-10-01T02:25:19.306Z,1
2023-10-01T03:13:40.190Z,1
2023-10-01T04:15:28.787Z,1
2023-10-01T05:12:00.887Z,1
2023-10-01T06:16:34.606Z,0.999806
2023-10-01T07:12:36.159Z,1
2023-10-01T08:15:25.620Z,1
2023-10-01T09:11:54.371Z,1
2023-10-01T10:13:04.318Z,0.999621
2023-10-01T11:09:59.850Z,1
2023-10-01T12:23:34.423Z,0.999703
2023-10-01T13:14:02.301Z,1.001
2023-10-01T14:10:59.816Z,1
2023-10-01T15:11:59.196Z,1
2023-10-01T16:15:36.864Z,1
2023-10-01T17:11:40.808Z,1
2023-10-01T18:15:34.172Z,1
2023-10-01T19:10:03.073Z,1
2023-10-01T20:12:52.721Z,0.999926
2023-10-01T21:11:35.551Z,1.001
2023-10-01T22:11:25.419Z,1
2023-10-01T23:12:36.585Z,0.999214
2023-10-02T00:59:26.800Z,0.998973
2023-10-02T01:54:49.288Z,1
2023-10-02T02:20:58.736Z,1.001
2023-10-02T03:13:45.980Z,1.001
2023-10-02T04:15:39.071Z,1
2023-10-02T05:12:29.121Z,1.001
2023-10-02T06:18:02.781Z,1
2023-10-02T07:12:50.173Z,1.002
2023-10-02T08:17:52.653Z,1.002
2023-10-02T09:14:14.116Z,0.999545
2023-10-02T10:14:44.470Z,1
2023-10-02T11:11:10.703Z,1
2023-10-02T12:26:30.116Z,0.999729
2023-10-02T13:17:12.207Z,1
2023-10-02T14:13:00.683Z,1.001
2023-10-02T15:14:16.661Z,1.001
2023-10-02T16:17:30.414Z,0.999861
2023-10-02T17:12:19.696Z,1.001
2023-10-02T18:17:27.227Z,1.001
2023-10-02T19:10:31.741Z,0.999263
2023-10-02T20:14:23.090Z,1
2023-10-02T21:12:09.503Z,1.001
2023-10-02T22:12:18.006Z,0.999347
2023-10-02T23:13:06.255Z,1
2023-10-03T00:59:26.545Z,0.999626
2023-10-03T01:54:22.717Z,1
2023-10-03T02:20:45.367Z,1.001
2023-10-03T03:13:53.040Z,1.001
2023-10-03T04:15:42.627Z,1
2023-10-03T05:12:22.182Z,0.999969
2023-10-03T06:17:59.860Z,0.999661
2023-10-03T07:12:24.323Z,0.99955
2023-10-03T08:17:30.369Z,0.999799
2023-10-03T09:13:20.499Z,0.99998
2023-10-03T10:14:41.180Z,0.999628
2023-10-03T11:11:19.422Z,0.999187
2023-10-03T12:26:39.818Z,0.99938
2023-10-03T13:17:38.425Z,0.999899
2023-10-03T14:13:01.119Z,0.999842
2023-10-03T15:14:49.759Z,1
2023-10-03T16:17:43.721Z,1
2023-10-03T17:12:09.011Z,1
2023-10-03T18:17:46.034Z,1
2023-10-03T19:11:13.789Z,1
2023-10-03T20:13:35.491Z,1.003
2023-10-03T21:11:57.900Z,1
2023-10-03T22:12:02.473Z,1
2023-10-03T23:12:33.915Z,0.999653
2023-10-04T00:59:57.184Z,1
2023-10-04T01:56:01.109Z,1
2023-10-04T02:21:37.275Z,0.999886
2023-10-04T03:14:06.295Z,1.001
2023-10-04T04:16:08.154Z,0.999436
2023-10-04T05:12:39.277Z,0.999924
2023-10-04T06:18:15.029Z,0.999671
2023-10-04T07:12:11.423Z,0.999877
2023-10-04T08:17:47.505Z,1
2023-10-04T09:13:46.866Z,1
2023-10-04T10:14:44.470Z,1.001
2023-10-04T11:11:23.047Z,1
2023-10-04T12:27:36.702Z,1.002
2023-10-04T13:18:15.517Z,0.999584
2023-10-04T14:13:26.627Z,0.999693
2023-10-04T15:14:15.124Z,1
2023-10-04T16:18:14.204Z,0.999863
2023-10-04T17:12:11.109Z,0.999525
2023-10-04T18:18:06.258Z,1.001
2023-10-04T19:11:08.699Z,0.999255
2023-10-04T20:14:14.503Z,1.001
2023-10-04T21:13:12.217Z,0.999916
2023-10-04T22:13:13.798Z,1
2023-10-04T23:13:20.473Z,1.001
2023-10-05T00:58:59.730Z,0.999965
2023-10-05T01:56:37.945Z,1.001
2023-10-05T02:23:41.403Z,0.99994
2023-10-05T03:13:57.010Z,0.999958
2023-10-05T04:15:55.973Z,0.999728
2023-10-05T05:12:38.921Z,0.999944
2023-10-05T06:18:12.193Z,0.999002
2023-10-05T07:12:14.486Z,1
2023-10-05T08:18:05.600Z,0.999744
2023-10-05T09:13:33.867Z,0.999891
2023-10-05T10:14:56.129Z,0.999966
2023-10-05T11:11:20.723Z,0.999945
2023-10-05T12:27:52.518Z,0.999956
2023-10-05T13:18:00.621Z,1
2023-10-05T14:12:17.821Z,0.999686
2023-10-05T15:14:18.642Z,0.998967
2023-10-05T16:18:04.881Z,0.999491
2023-10-05T17:12:10.078Z,0.999804
2023-10-05T18:17:48.835Z,0.998834
2023-10-05T19:10:44.593Z,1
2023-10-05T20:13:57.950Z,1.001
2023-10-05T21:11:51.046Z,0.999652
2023-10-05T22:12:31.771Z,1
2023-10-05T23:13:20.447Z,1
2023-10-06T00:58:48.061Z,1
2023-10-06T01:53:33.505Z,1
2023-10-06T02:20:36.888Z,0.999737
2023-10-06T03:13:43.195Z,0.999851
2023-10-06T04:15:44.137Z,1
2023-10-06T05:12:32.380Z,1
2023-10-06T06:17:54.232Z,1
2023-10-06T07:12:11.559Z,0.999951
2023-10-06T08:17:14.558Z,0.999906
2023-10-06T09:13:14.046Z,0.999822
2023-10-06T10:14:12.212Z,0.999954
2023-10-06T11:11:27.851Z,1.001
2023-10-06T12:26:51.516Z,1
2023-10-06T13:17:15.138Z,0.999683
2023-10-06T14:13:04.646Z,1.001
2023-10-06T15:14:21.177Z,0.999912
2023-10-06T16:17:38.696Z,0.999902
2023-10-06T17:11:57.414Z,0.997418
2023-10-06T18:17:36.001Z,1
2023-10-06T19:10:37.475Z,1.001
2023-10-06T20:13:57.606Z,1
2023-10-06T21:11:12.847Z,1
2023-10-06T22:11:52.843Z,1.001
2023-10-06T23:12:25.071Z,1
2023-10-07T00:58:13.511Z,1
2023-10-07T01:51:14.850Z,1.001
2023-10-07T02:18:30.630Z,1.001
2023-10-07T03:13:08.355Z,1.001
2023-10-07T04:15:34.126Z,1
2023-10-07T05:11:45.827Z,1.001
2023-10-07T06:16:52.760Z,1
2023-10-07T07:11:33.711Z,1
2023-10-07T08:15:25.957Z,1
2023-10-07T09:11:41.338Z,1.001
2023-10-07T10:12:23.285Z,1.001
2023-10-07T11:10:01.244Z,1
2023-10-07T12:23:20.017Z,1.001
2023-10-07T13:13:50.831Z,1
2023-10-07T14:10:43.726Z,1
2023-10-07T15:12:19.429Z,1
2023-10-07T16:15:13.743Z,1
2023-10-07T17:10:47.613Z,0.999779
2023-10-07T18:15:40.952Z,1
2023-10-07T19:09:46.994Z,0.999995
2023-10-07T20:12:38.987Z,1
2023-10-07T21:10:25.812Z,1
2023-10-07T22:12:02.541Z,1
2023-10-07T23:11:58.955Z,1
2023-10-08T01:03:17.059Z,1
2023-10-08T02:22:12.514Z,0.99992
2023-10-08T03:13:13.523Z,1
2023-10-08T04:14:53.754Z,0.99969
2023-10-08T05:12:03.682Z,1
2023-10-08T06:16:53.370Z,1
2023-10-08T07:11:27.276Z,1
2023-10-08T08:15:31.799Z,1
2023-10-08T09:11:28.143Z,1
2023-10-08T10:12:28.160Z,1
2023-10-08T11:10:08.509Z,1
2023-10-08T12:23:38.562Z,0.999997
2023-10-08T13:14:03.118Z,1
2023-10-08T14:10:56.048Z,1.001
2023-10-08T15:12:31.622Z,1
2023-10-08T16:16:36.049Z,1
2023-10-08T17:10:51.310Z,1
2023-10-08T18:15:56.523Z,1
2023-10-08T19:09:53.077Z,1
2023-10-08T20:12:55.492Z,0.999839
2023-10-08T21:10:59.774Z,1
2023-10-08T22:11:28.241Z,1
2023-10-08T23:12:53.869Z,1
2023-10-09T00:59:15.740Z,0.998674
2023-10-09T01:54:01.580Z,0.997561
2023-10-09T02:20:26.819Z,1
2023-10-09T03:13:32.073Z,1
2023-10-09T04:16:09.509Z,1
2023-10-09T05:12:32.459Z,0.999969
2023-10-09T06:18:34.689Z,0.999934
2023-10-09T07:12:49.338Z,0.999894
2023-10-09T08:18:31.047Z,1
2023-10-09T09:14:33.323Z,0.999718
2023-10-09T10:15:32.908Z,0.999918
2023-10-09T11:11:37.382Z,0.999109
2023-10-09T12:28:12.542Z,0.998777
2023-10-09T13:18:53.048Z,0.999845
2023-10-09T14:13:35.269Z,1
2023-10-09T15:14:52.197Z,1
2023-10-09T16:17:58.548Z,1.001
2023-10-09T17:12:09.202Z,1
2023-10-09T18:17:25.987Z,0.999702
2023-10-09T19:10:32.274Z,1
2023-10-09T20:12:59.298Z,1.001
2023-10-09T21:11:47.202Z,0.999913
2023-10-09T22:11:58.300Z,1
2023-10-09T23:13:04.629Z,1
2023-10-10T00:58:33.800Z,0.999586
2023-10-10T01:53:04.011Z,0.999821
2023-10-10T02:20:07.073Z,1
2023-10-10T03:13:45.945Z,1
2023-10-10T04:15:37.797Z,0.999883
2023-10-10T05:12:38.598Z,0.999665
2023-10-10T06:18:21.306Z,1
2023-10-10T07:12:37.615Z,0.999848
2023-10-10T08:17:27.371Z,0.999437
2023-10-10T09:13:42.400Z,0.999951
2023-10-10T10:14:45.988Z,1
2023-10-10T11:11:15.268Z,1
2023-10-10T12:26:13.581Z,1.001
2023-10-10T13:17:20.879Z,1
2023-10-10T14:12:50.240Z,1
2023-10-10T15:14:21.033Z,0.99997
2023-10-10T16:17:48.745Z,1.001
2023-10-10T17:11:10.445Z,1
2023-10-10T18:18:06.776Z,1
2023-10-10T19:09:30.436Z,1
2023-10-10T20:12:53.204Z,0.999843
2023-10-10T21:12:00.005Z,1.001
2023-10-10T22:12:14.686Z,1
2023-10-10T23:12:52.522Z,1
2023-10-11T00:58:41.068Z,1.001
2023-10-11T01:53:21.065Z,1
2023-10-11T02:20:05.829Z,1
2023-10-11T03:14:03.845Z,1
2023-10-11T04:15:48.520Z,1.001
2023-10-11T05:12:33.421Z,0.999871
2023-10-11T06:18:33.682Z,0.999443
2023-10-11T07:12:46.555Z,1.001
2023-10-11T08:17:40.380Z,1
2023-10-11T09:13:35.133Z,1
2023-10-11T10:14:53.382Z,1
2023-10-11T11:11:24.216Z,0.999607
2023-10-11T12:27:03.595Z,0.999709
2023-10-11T13:18:12.918Z,1
2023-10-11T14:13:41.317Z,1.002
2023-10-11T15:13:14.047Z,1.001
2023-10-11T16:17:48.551Z,0.999661
2023-10-11T17:12:25.961Z,0.999765
2023-10-11T18:18:01.215Z,0.999877
2023-10-11T19:11:05.512Z,1
2023-10-11T20:14:19.346Z,0.999432
2023-10-11T21:11:58.534Z,1
2023-10-11T22:12:23.012Z,0.999885
2023-10-11T23:13:08.685Z,1
2023-10-12T00:56:58.277Z,0.999892
2023-10-12T01:50:11.971Z,0.999991
2023-10-12T02:18:49.914Z,1
2023-10-12T03:13:41.462Z,0.999807
2023-10-12T04:16:02.838Z,0.999871
2023-10-12T05:12:39.379Z,0.999934
2023-10-12T06:18:13.077Z,0.999379
2023-10-12T07:13:04.734Z,0.999927
2023-10-12T08:17:17.070Z,0.999681
2023-10-12T09:13:25.581Z,0.999901
2023-10-12T10:14:22.503Z,1.001
2023-10-12T11:11:41.793Z,1
2023-10-12T12:26:35.264Z,0.999875
2023-10-12T13:17:22.865Z,0.999869
2023-10-12T14:12:52.713Z,1.001
2023-10-12T15:13:48.542Z,0.999758
2023-10-12T16:17:38.782Z,0.999957
2023-10-12T17:12:25.743Z,1
2023-10-12T18:17:50.792Z,0.998822
2023-10-12T19:10:43.225Z,0.999431
2023-10-12T20:12:49.558Z,1.001
2023-10-12T21:10:53.437Z,0.999992
2023-10-12T22:12:50.778Z,0.999951
2023-10-12T23:13:35.472Z,0.999884
2023-10-13T01:00:30.128Z,1
2023-10-13T01:58:01.750Z,0.999808
2023-10-13T02:27:21.736Z,0.999894
2023-10-13T03:14:08.947Z,0.999804
2023-10-13T04:15:55.139Z,1
2023-10-13T05:12:39.712Z,0.999711
2023-10-13T06:18:21.902Z,0.999856
2023-10-13T07:12:47.524Z,1
2023-10-13T08:17:40.994Z,1.001
2023-10-13T09:13:15.132Z,0.999876
2023-10-13T10:14:40.353Z,0.999796
2023-10-13T11:11:34.978Z,1
2023-10-13T12:26:40.230Z,0.999847
2023-10-13T13:18:06.363Z,1
2023-10-13T14:12:38.356Z,0.999716
2023-10-13T15:14:18.381Z,0.999953
2023-10-13T16:17:15.596Z,0.999776
2023-10-13T17:12:01.796Z,0.99998
2023-10-13T18:17:52.619Z,1
2023-10-13T19:10:46.846Z,1
2023-10-13T20:14:31.423Z,1
2023-10-13T21:11:45.667Z,0.999838
2023-10-13T22:12:15.194Z,1
2023-10-13T23:13:01.105Z,1
2023-10-14T00:57:37.406Z,1
2023-10-14T01:49:27.659Z,1.001
2023-10-14T02:17:37.439Z,0.999986
2023-10-14T03:13:24.233Z,1
2023-10-14T04:15:37.462Z,1
2023-10-14T05:11:53.845Z,1.001
2023-10-14T06:16:59.965Z,1
2023-10-14T07:11:11.469Z,1
2023-10-14T08:15:21.903Z,1
2023-10-14T09:11:33.830Z,1
2023-10-14T10:12:26.330Z,1
2023-10-14T11:10:28.447Z,1
2023-10-14T12:23:27.884Z,1
2023-10-14T13:13:51.825Z,1
2023-10-14T14:10:43.215Z,1
2023-10-14T15:12:20.719Z,1
2023-10-14T16:15:35.657Z,1
2023-10-14T17:10:49.544Z,1
2023-10-14T18:15:46.310Z,1.001
2023-10-14T19:09:50.281Z,1
2023-10-14T20:12:39.583Z,1
2023-10-14T21:10:55.396Z,1
2023-10-14T22:11:25.048Z,1
2023-10-14T23:12:17.075Z,1
2023-10-15T01:03:22.289Z,1
2023-10-15T02:22:36.184Z,0.999893
2023-10-15T03:12:59.361Z,1
2023-10-15T04:15:19.799Z,1
2023-10-15T05:12:04.549Z,1
2023-10-15T06:16:47.782Z,1
2023-10-15T07:11:24.029Z,1
2023-10-15T08:15:26.433Z,1
2023-10-15T09:11:33.522Z,1.001
2023-10-15T10:12:55.305Z,1
2023-10-15T11:10:13.201Z,1
2023-10-15T12:23:57.581Z,1
2023-10-15T13:14:19.577Z,0.999569
2023-10-15T14:11:08.099Z,0.999115
2023-10-15T15:12:16.439Z,1
2023-10-15T16:15:29.639Z,1
2023-10-15T17:11:23.422Z,1
2023-10-15T18:16:13.760Z,1
2023-10-15T19:09:58.201Z,0.999089
2023-10-15T20:12:59.297Z,1
2023-10-15T21:10:39.300Z,1
2023-10-15T22:11:32.872Z,0.999408
2023-10-15T23:12:48.736Z,1
2023-10-16T01:00:10.017Z,1
2023-10-16T01:57:02.292Z,1
2023-10-16T02:24:47.514Z,1
2023-10-16T03:13:59.486Z,1
2023-10-16T04:15:59.830Z,1
2023-10-16T05:13:06.609Z,1
2023-10-16T06:18:41.563Z,1.001
2023-10-16T07:12:59.938Z,1
2023-10-16T08:18:13.367Z,1
2023-10-16T09:14:29.281Z,1
2023-10-16T10:15:05.280Z,1
2023-10-16T11:11:38.949Z,1.001
2023-10-16T12:27:15.842Z,1
2023-10-16T13:17:47.707Z,1
2023-10-16T14:14:08.711Z,0.999697
2023-10-16T15:13:55.422Z,1.003
2023-10-16T16:17:56.125Z,1
2023-10-16T17:12:32.220Z,1.001
2023-10-16T18:18:22.789Z,1.005
2023-10-16T19:11:08.162Z,0.998482
2023-10-16T20:14:55.776Z,1
2023-10-16T21:12:29.352Z,0.999799
2023-10-16T22:12:48.120Z,1
2023-10-16T23:12:54.396Z,1.001
2023-10-17T00:59:43.113Z,1
2023-10-17T01:55:16.846Z,1
2023-10-17T02:21:14.600Z,1
2023-10-17T03:13:48.541Z,1.001
2023-10-17T04:15:57.787Z,0.999978
2023-10-17T05:12:31.805Z,1.001
2023-10-17T06:18:18.258Z,1
2023-10-17T07:12:43.031Z,1.001
2023-10-17T08:17:48.263Z,1.001
2023-10-17T09:13:29.137Z,1.001
2023-10-17T10:14:58.378Z,1
2023-10-17T11:11:32.448Z,1.001
2023-10-17T12:27:04.545Z,1.001
2023-10-17T13:17:20.225Z,1
2023-10-17T14:12:56.673Z,1
2023-10-17T15:14:40.351Z,1.001
2023-10-17T16:17:42.782Z,1.001
2023-10-17T17:12:19.345Z,1
2023-10-17T18:18:22.207Z,1.002
2023-10-17T19:10:52.453Z,1.001
2023-10-17T20:14:10.539Z,1
2023-10-17T21:12:10.242Z,1.001
2023-10-17T22:12:58.959Z,1.001
2023-10-17T23:12:58.442Z,1.001
2023-10-18T00:59:22.368Z,1.001
2023-10-18T01:54:49.424Z,1.001
2023-10-18T02:20:57.813Z,1.001
2023-10-18T03:13:52.863Z,1
2023-10-18T04:16:08.529Z,1.001
2023-10-18T05:12:37.454Z,0.999733
2023-10-18T06:18:12.073Z,0.999739
2023-10-18T07:12:44.248Z,1.001
2023-10-18T08:17:24.539Z,1
2023-10-18T09:13:46.202Z,1
2023-10-18T10:14:18.746Z,0.992833
2023-10-18T11:11:29.756Z,1.001
2023-10-18T12:26:51.226Z,1.001
2023-10-18T13:17:16.062Z,1.001
2023-10-18T14:12:51.874Z,1
2023-10-18T15:14:17.274Z,1
2023-10-18T16:17:38.632Z,0.999928
2023-10-18T17:12:30.799Z,0.999198
2023-10-18T18:17:53.161Z,1
2023-10-18T19:11:20.759Z,1
2023-10-18T20:14:19.466Z,0.999431
2023-10-18T21:11:56.578Z,1.001
2023-10-18T22:12:24.611Z,1
2023-10-18T23:13:09.994Z,1
2023-10-19T00:59:16.255Z,1.001
2023-10-19T01:54:25.045Z,0.995642
2023-10-19T02:20:27.613Z,1
2023-10-19T03:13:43.767Z,1.001
2023-10-19T04:15:49.172Z,1
2023-10-19T05:12:49.249Z,1
2023-10-19T06:18:09.826Z,0.999657
2023-10-19T07:12:29.575Z,1
2023-10-19T08:17:33.897Z,1
2023-10-19T09:13:15.648Z,1
2023-10-19T10:14:22.988Z,0.999068
2023-10-19T11:11:30.989Z,0.999115
2023-10-19T12:26:46.626Z,1.003
2023-10-19T13:17:20.943Z,1
2023-10-19T14:12:41.206Z,1.001
2023-10-19T15:13:58.774Z,1.001
2023-10-19T16:17:51.402Z,0.999941
2023-10-19T17:12:02.922Z,1
2023-10-19T18:17:43.373Z,1.002
2023-10-19T19:10:42.380Z,1
2023-10-19T20:14:11.488Z,1
2023-10-19T21:11:05.072Z,1.001
2023-10-19T22:12:33.210Z,1
2023-10-19T23:13:15.330Z,1.001
2023-10-20T00:59:00.529Z,0.999004
2023-10-20T01:53:59.242Z,1
2023-10-20T02:20:26.070Z,1.001
2023-10-20T03:13:40.875Z,0.998518
2023-10-20T04:15:44.778Z,1
2023-10-20T05:12:19.357Z,1.001
2023-10-20T06:18:10.940Z,0.999515
2023-10-20T07:12:42.553Z,1.001
2023-10-20T08:17:06.157Z,1.001
2023-10-20T09:13:03.941Z,0.999736
2023-10-20T10:14:23.179Z,1.001
2023-10-20T11:11:05.523Z,1.002
2023-10-20T12:25:58.778Z,0.997776
2023-10-20T13:16:31.955Z,0.999726
2023-10-20T14:12:33.086Z,1.002
2023-10-20T15:12:27.362Z,1
2023-10-20T16:17:13.779Z,0.997979
2023-10-20T17:11:15.237Z,0.996298
2023-10-20T18:16:30.657Z,0.998669
2023-10-20T19:10:42.385Z,1
2023-10-20T20:13:27.954Z,1.001
2023-10-20T21:11:26.658Z,1.001
2023-10-20T22:12:06.549Z,1
2023-10-20T23:12:45.401Z,0.999756
2023-10-21T00:57:23.480Z,0.999858
2023-10-21T01:49:36.312Z,1
2023-10-21T02:17:39.429Z,0.999567
2023-10-21T03:13:17.371Z,1
2023-10-21T04:15:26.560Z,1
2023-10-21T05:11:48.430Z,1
2023-10-21T06:16:27.011Z,1
2023-10-21T07:11:10.607Z,1
2023-10-21T08:15:24.881Z,1
2023-10-21T09:11:39.776Z,1
2023-10-21T10:12:51.396Z,0.999776
2023-10-21T11:09:58.775Z,1
2023-10-21T12:23:19.884Z,1
2023-10-21T13:14:14.765Z,1
2023-10-21T14:10:49.649Z,0.999453
2023-10-21T15:12:06.344Z,0.99827
2023-10-21T16:15:31.032Z,0.999391
2023-10-21T17:11:13.763Z,1
2023-10-21T18:15:51.103Z,0.998448
2023-10-21T19:09:48.702Z,1.001
2023-10-21T20:12:55.375Z,1.001
2023-10-21T21:10:33.366Z,0.999408
2023-10-21T22:11:25.539Z,1.001
2023-10-21T23:12:19.563Z,1.001
2023-10-22T01:03:17.603Z,1.001
2023-10-22T02:22:49.059Z,1
2023-10-22T03:13:51.252Z,1
2023-10-22T04:15:16.127Z,1
2023-10-22T05:12:24.387Z,1
2023-10-22T06:16:42.614Z,1
2023-10-22T07:11:12.701Z,0.999773
2023-10-22T08:15:17.785Z,1
2023-10-22T09:11:43.981Z,0.999253
2023-10-22T10:12:36.324Z,1
2023-10-22T11:10:01.841Z,0.999761
2023-10-22T12:23:22.840Z,1
2023-10-22T13:13:58.354Z,1.001
2023-10-22T14:11:23.288Z,1.001
2023-10-22T15:12:01.983Z,1
2023-10-22T16:15:53.963Z,1.001
2023-10-22T17:12:20.098Z,1.001
2023-10-22T18:15:49.474Z,0.999865
2023-10-22T19:10:50.068Z,1
2023-10-22T20:13:09.196Z,1.001
2023-10-22T21:10:49.722Z,0.999937
2023-10-22T22:11:46.218Z,1
2023-10-22T23:12:31.718Z,0.999024
2023-10-23T00:59:21.853Z,0.997841
2023-10-23T01:54:48.555Z,1
2023-10-23T02:21:19.127Z,1.001
2023-10-23T03:14:03.559Z,1
2023-10-23T04:16:07.280Z,1.001
2023-10-23T05:12:52.152Z,1.002
2023-10-23T06:18:47.779Z,1
2023-10-23T07:12:52.512Z,1
2023-10-23T08:17:58.063Z,0.999923
2023-10-23T09:14:10.382Z,0.9993
2023-10-23T10:14:45.487Z,1
2023-10-23T11:11:11.209Z,1
2023-10-23T12:26:33.846Z,1.002
2023-10-23T13:17:27.791Z,1.001
2023-10-23T14:13:05.982Z,1
2023-10-23T15:13:59.940Z,1.002
2023-10-23T16:17:30.833Z,1.003
2023-10-23T17:11:00.804Z,0.999426
2023-10-23T18:16:42.676Z,1.001
2023-10-23T19:11:03.255Z,1.007
2023-10-23T20:12:41.826Z,1.001
2023-10-23T21:12:01.731Z,0.999024
2023-10-23T22:12:40.378Z,1.001
2023-10-23T23:13:25.382Z,1.002
2023-10-24T00:58:53.690Z,1.002
2023-10-24T01:53:57.137Z,1.001
2023-10-24T02:20:43.377Z,1.014
2023-10-24T03:14:53.026Z,0.999881
2023-10-24T04:15:35.638Z,0.999789
2023-10-24T05:12:12.777Z,1.001
2023-10-24T06:18:18.147Z,0.9991
2023-10-24T07:12:40.850Z,0.999866
2023-10-24T08:17:48.884Z,1.001
2023-10-24T09:13:56.202Z,1.001
2023-10-24T10:14:51.132Z,1.001
2023-10-24T11:11:04.471Z,1
2023-10-24T12:25:26.972Z,1
2023-10-24T13:17:05.607Z,1.001
2023-10-24T14:11:46.267Z,1
2023-10-24T15:14:58.600Z,1.001
2023-10-24T16:17:39.511Z,1.001
2023-10-24T17:12:15.427Z,1
2023-10-24T18:17:36.047Z,0.999454
2023-10-24T19:10:43.089Z,0.999816
2023-10-24T20:14:02.924Z,0.998093
2023-10-24T21:11:46.062Z,1.001
2023-10-24T22:12:24.848Z,1.001
2023-10-24T23:12:50.870Z,0.999477
2023-10-25T00:59:00.155Z,1.003
2023-10-25T01:53:39.951Z,0.99856
2023-10-25T02:20:11.046Z,0.99945
2023-10-25T03:13:53.285Z,1
2023-10-25T04:15:44.022Z,0.999357
2023-10-25T05:12:21.726Z,1
2023-10-25T06:17:49.007Z,0.999685
2023-10-25T07:12:41.253Z,1.001
2023-10-25T08:17:38.718Z,0.999279
2023-10-25T09:13:57.263Z,1.002
2023-10-25T10:14:34.081Z,0.999487
2023-10-25T11:11:08.484Z,1
2023-10-25T12:25:39.508Z,1.001
2023-10-25T13:16:20.257Z,1.002
2023-10-25T14:12:37.134Z,0.997256
2023-10-25T15:13:40.360Z,1.001
2023-10-25T16:17:12.182Z,1.002
2023-10-25T17:11:20.489Z,1
2023-10-25T18:16:16.857Z,0.997922
2023-10-25T19:10:50.832Z,0.99987
2023-10-25T20:13:37.047Z,1.004
2023-10-25T21:11:41.432Z,1.001
2023-10-25T22:12:25.869Z,0.999687
2023-10-25T23:13:07.500Z,1.002
2023-10-26T00:57:59.135Z,1.001
2023-10-26T01:51:05.591Z,0.99811
2023-10-26T02:18:51.910Z,0.999478
2023-10-26T03:13:29.880Z,1.001
2023-10-26T04:15:40.679Z,0.999896
2023-10-26T05:12:23.898Z,0.999286
2023-10-26T06:17:35.123Z,0.998215
2023-10-26T07:12:20.428Z,0.99937
2023-10-26T08:16:41.666Z,0.99616
2023-10-26T09:13:09.610Z,1.001
2023-10-26T10:13:54.773Z,0.999315
2023-10-26T11:10:55.781Z,1
2023-10-26T12:25:36.593Z,1
2023-10-26T13:16:04.641Z,0.999464
2023-10-26T14:12:31.711Z,1.001
2023-10-26T15:13:32.932Z,1
2023-10-26T16:17:02.708Z,1
2023-10-26T17:11:52.168Z,1.002
2023-10-26T18:17:00.520Z,1
2023-10-26T19:10:44.452Z,1
2023-10-26T20:13:45.282Z,0.999888
2023-10-26T21:12:09.383Z,1
2023-10-26T22:12:16.324Z,1
2023-10-26T23:13:10.882Z,0.999852
2023-10-27T00:58:10.690Z,0.99756
2023-10-27T01:51:39.867Z,0.998354
2023-10-27T02:19:09.523Z,1.003
2023-10-27T03:13:22.265Z,1
2023-10-27T04:15:50.589Z,0.999499
2023-10-27T05:12:36.034Z,0.999973
2023-10-27T06:17:36.322Z,0.999806
2023-10-27T07:12:11.697Z,1.001
2023-10-27T08:16:43.346Z,1.001
2023-10-27T09:12:44.449Z,1.002
2023-10-27T10:13:52.101Z,1
2023-10-27T11:10:59.070Z,0.999078
2023-10-27T12:25:15.751Z,1.002
2023-10-27T13:15:24.186Z,1.001
2023-10-27T14:11:57.002Z,0.998953
2023-10-27T15:13:40.517Z,1.001
2023-10-27T16:16:29.091Z,1.002
2023-10-27T17:10:25.542Z,0.991568
2023-10-27T18:16:35.936Z,1.001
2023-10-27T19:09:13.202Z,1.001
2023-10-27T20:13:33.229Z,1.001
2023-10-27T21:11:10.391Z,1.002
2023-10-27T22:12:08.556Z,1.001
2023-10-27T23:12:31.001Z,1.001
2023-10-28T00:56:59.395Z,1.001
2023-10-28T01:48:38.382Z,1.001
2023-10-28T02:17:18.834Z,1.002
2023-10-28T03:13:34.414Z,1.001
2023-10-28T04:15:48.150Z,1.001
2023-10-28T05:11:44.771Z,1.001
2023-10-28T06:16:14.780Z,1.001
2023-10-28T07:11:51.060Z,1.001
2023-10-28T08:15:08.773Z,1
2023-10-28T09:12:00.387Z,1.001
2023-10-28T10:12:25.909Z,1.001
2023-10-28T11:10:01.919Z,1.001
2023-10-28T12:23:00.310Z,0.999654
2023-10-28T13:13:42.488Z,1.002
2023-10-28T14:10:39.771Z,1.002
2023-10-28T15:12:58.804Z,1.002
2023-10-28T16:15:14.886Z,1.001
2023-10-28T17:10:37.230Z,1.001
2023-10-28T18:15:38.984Z,1.002
2023-10-28T19:09:39.302Z,1.002
2023-10-28T20:12:29.281Z,1.002
2023-10-28T21:10:46.280Z,1.002
2023-10-28T22:11:25.843Z,1.002
2023-10-28T23:12:14.508Z,1.002
2023-10-29T01:02:26.741Z,1.001
2023-10-29T02:21:58.082Z,1.002
2023-10-29T03:13:26.501Z,1.002
2023-10-29T04:15:23.707Z,1.002
2023-10-29T05:12:04.650Z,1.001
2023-10-29T06:16:13.885Z,1.002
2023-10-29T07:11:29.564Z,1.002
2023-10-29T08:15:23.596Z,1.002
2023-10-29T09:11:50.541Z,1.002
2023-10-29T10:13:10.739Z,1.002
2023-10-29T11:10:10.057Z,1.002
2023-10-29T12:23:15.844Z,1.002
2023-10-29T13:14:33.638Z,1.003
2023-10-29T14:10:57.850Z,1.002
2023-10-29T15:12:07.222Z,1.003
2023-10-29T16:16:15.742Z,1.002
2023-10-29T17:11:05.581Z,1.002
2023-10-29T18:15:48.918Z,1.005
2023-10-29T19:10:21.623Z,1.002
2023-10-29T20:13:02.297Z,1.003
2023-10-29T21:10:40.533Z,1.002
2023-10-29T22:11:36.396Z,1.002
2023-10-29T23:12:30.564Z,1.002
2023-10-30T00:59:33.305Z,1.002
2023-10-30T01:55:40.516Z,1.001
2023-10-30T02:21:51.658Z,1
2023-10-30T03:14:08.811Z,1
2023-10-30T04:16:14.063Z,1.002
2023-10-30T05:13:21.018Z,1.001
2023-10-30T06:18:08.932Z,1.001
2023-10-30T07:12:25.798Z,1.001
2023-10-30T08:17:51.021Z,1.002
2023-10-30T09:13:38.987Z,1.002
2023-10-30T10:14:23.101Z,0.998623
2023-10-30T11:11:17.442Z,1
2023-10-30T12:26:27.873Z,1.001
2023-10-30T13:16:29.634Z,0.99992
2023-10-30T14:12:44.641Z,1
2023-10-30T15:13:55.086Z,1
2023-10-30T16:17:23.188Z,0.998454
2023-10-30T17:11:54.097Z,0.999948
2023-10-30T18:17:25.056Z,1
2023-10-30T19:10:44.655Z,1
2023-10-30T20:13:38.220Z,0.998702
2023-10-30T21:10:44.879Z,1.001
2023-10-30T22:12:29.227Z,0.999522
2023-10-30T23:12:47.867Z,1
2023-10-31T00:59:32.186Z,1.002
2023-10-31T01:54:59.995Z,1.001
2023-10-31T02:21:17.882Z,0.99897
2023-10-31T03:13:34.528Z,1
2023-10-31T04:15:43.030Z,0.999182
2023-10-31T05:12:33.341Z,1.001
2023-10-31T06:17:40.919Z,1
2023-10-31T07:12:09.184Z,1
2023-10-31T08:17:01.949Z,1.002
2023-10-31T09:13:24.024Z,0.999885
2023-10-31T10:15:20.996Z,0.999292
2023-10-31T11:11:14.093Z,0.999722
2023-10-31T12:25:45.077Z,1
2023-10-31T13:16:20.451Z,0.999788
2023-10-31T14:12:48.280Z,0.998748
2023-10-31T15:14:11.260Z,0.998117
2023-10-31T16:17:36.138Z,1
2023-10-31T17:12:06.015Z,0.999772
2023-10-31T18:17:13.405Z,1
2023-10-31T19:11:18.850Z,1.002
2023-10-31T20:13:36.690Z,0.999448
2023-10-31T21:10:57.010Z,1
2023-10-31T22:12:11.467Z,0.999913
2023-10-31T23:12:48.504Z,1
2023-11-01T01:03:02.424Z,0.999782
2023-11-01T02:24:06.699Z,1
2023-11-01T03:14:21.520Z,1
2023-11-01T04:16:12.927Z,1
2023-11-01T05:12:53.978Z,0.998979
2023-11-01T06:18:09.120Z,1
2023-11-01T07:12:42.400Z,1.001
2023-11-01T08:16:49.938Z,0.999677
2023-11-01T09:13:38.809Z,0.999541
2023-11-01T10:14:06.681Z,0.999945
2023-11-01T11:11:12.656Z,1.001
2023-11-01T12:25:40.692Z,0.998754
2023-11-01T13:16:07.324Z,1.001
2023-11-01T14:12:17.133Z,0.999373
2023-11-01T15:14:02.370Z,0.995709
2023-11-01T16:17:41.675Z,1
2023-11-01T17:12:00.131Z,0.999858
2023-11-01T18:17:16.290Z,1.001
2023-11-01T19:10:41.969Z,1.002
2023-11-01T20:14:02.784Z,1.002
2023-11-01T21:11:37.366Z,1.004
2023-11-01T22:21:05.208Z,0.999418
2023-11-01T23:13:13.765Z,0.999834
2023-11-02T00:59:06.905Z,1.001
2023-11-02T01:54:08.216Z,0.999984
2023-11-02T02:20:35.039Z,1.001
2023-11-02T03:13:59.882Z,1.001
2023-11-02T04:16:04.362Z,1.001
2023-11-02T05:12:46.659Z,1.001
2023-11-02T06:17:45.098Z,1
2023-11-02T07:12:55.876Z,1.001
2023-11-02T08:16:41.483Z,0.997603
2023-11-02T09:12:57.989Z,1
2023-11-02T10:14:34.032Z,1
2023-11-02T11:11:09.504Z,0.999505
2023-11-02T12:25:41.255Z,1.001
2023-11-02T13:15:59.213Z,0.998745
2023-11-02T14:12:33.906Z,0.998759
2023-11-02T15:13:52.551Z,0.998313
2023-11-02T16:18:02.522Z,1
2023-11-02T17:12:26.709Z,1.001
2023-11-02T18:17:01.195Z,1.001
2023-11-02T19:10:39.906Z,1.001
2023-11-02T20:13:52.834Z,1.001
2023-11-02T21:11:42.240Z,1.001
2023-11-02T22:10:59.005Z,0.999213
2023-11-02T23:13:11.961Z,0.999921
2023-11-03T00:59:54.518Z,0.997847
2023-11-03T01:55:23.818Z,0.997506
2023-11-03T02:21:37.710Z,0.999863
2023-11-03T03:13:43.072Z,1.001
2023-11-03T04:15:54.999Z,0.999615
2023-11-03T05:12:38.631Z,0.998558
2023-11-03T06:17:22.256Z,1
2023-11-03T07:12:24.671Z,1.001
2023-11-03T08:16:43.894Z,1.003
2023-11-03T09:13:28.778Z,1
2023-11-03T10:14:35.188Z,0.999759
2023-11-03T11:11:37.138Z,0.99995
2023-11-03T12:25:56.670Z,1.002
2023-11-03T13:16:54.475Z,1.002
2023-11-03T14:13:03.421Z,1.002
2023-11-03T15:14:01.329Z,1.002
2023-11-03T16:17:56.489Z,1.002
2023-11-03T20:14:49.745Z,1
2023-11-03T21:10:07.007Z,1
2023-11-03T22:12:30.000Z,1
2023-11-03T23:12:52.283Z,1.002
2023-11-04T00:58:53.396Z,1
2023-11-04T01:53:28.745Z,1.001
2023-11-04T02:19:46.095Z,0.999074
2023-11-04T03:13:22.992Z,1
2023-11-04T04:15:51.604Z,1
2023-11-04T05:12:29.396Z,0.998799
2023-11-04T06:16:00.898Z,1.002
2023-11-04T07:12:18.724Z,1.001
2023-11-04T08:15:30.636Z,1
2023-11-04T09:11:43.897Z,1
2023-11-04T10:12:55.689Z,1
2023-11-04T11:10:43.243Z,1.001
2023-11-04T12:23:10.819Z,1
2023-11-04T13:14:14.556Z,1
2023-11-04T14:11:09.700Z,1.001
2023-11-04T15:12:10.425Z,0.998646
2023-11-04T16:15:27.601Z,1.001
2023-11-04T17:10:58.443Z,0.999497
2023-11-04T18:16:03.824Z,1.001
2023-11-04T19:10:19.825Z,1
2023-11-04T20:12:42.675Z,1
2023-11-04T21:10:49.562Z,1
2023-11-04T22:12:22.211Z,1
2023-11-04T23:12:22.078Z,1.002
2023-11-05T01:03:37.283Z,1.001
2023-11-05T02:24:07.998Z,0.998134
2023-11-05T03:14:48.650Z,1.001
2023-11-05T04:15:16.912Z,1.001
2023-11-05T05:12:06.526Z,1.001
2023-11-05T06:16:17.324Z,1
2023-11-05T07:11:21.530Z,1.001
2023-11-05T08:15:26.814Z,1.001
2023-11-05T09:11:56.433Z,1.002
2023-11-05T10:12:46.993Z,1.001
2023-11-05T11:10:15.132Z,1.001
2023-11-05T12:23:24.933Z,0.998398
2023-11-05T13:14:26.609Z,1.001
2023-11-05T14:11:00.660Z,1
2023-11-05T15:12:04.210Z,0.999656
2023-11-05T16:15:35.538Z,1
2023-11-05T17:11:01.192Z,1.001
2023-11-05T18:15:30.224Z,1
2023-11-05T19:10:22.162Z,1.001
2023-11-05T20:13:10.448Z,1.001
2023-11-05T21:11:03.699Z,0.999528
2023-11-05T22:11:55.505Z,1.002
2023-11-05T23:12:27.609Z,1.009
2023-11-06T01:01:40.634Z,0.99996
2023-11-06T02:24:44.949Z,1
2023-11-06T03:14:05.575Z,0.999462
2023-11-06T04:16:47.131Z,0.998287
2023-11-06T05:13:04.490Z,1.001
2023-11-06T06:18:18.218Z,1.001
2023-11-06T07:12:38.971Z,0.999774
2023-11-06T08:18:03.169Z,1
2023-11-06T09:14:50.005Z,1.001
2023-11-06T10:15:24.140Z,1.001
2023-11-06T11:12:00.520Z,0.999607
2023-11-06T12:27:20.454Z,1
2023-11-06T13:18:02.878Z,1
2023-11-06T14:13:32.002Z,0.999615
2023-11-06T15:14:55.642Z,1
2023-11-06T16:18:28.007Z,0.998392
2023-11-06T17:11:56.629Z,1.001
2023-11-06T18:17:25.003Z,0.998711
2023-11-06T19:10:44.096Z,0.999585
2023-11-06T20:13:58.645Z,0.997781
2023-11-06T21:11:46.704Z,0.998614
2023-11-06T22:12:22.892Z,0.999883
2023-11-06T23:13:10.688Z,1
2023-11-07T01:00:41.712Z,1.001
2023-11-07T02:23:05.579Z,0.998696
2023-11-07T03:14:21.028Z,1
2023-11-07T04:15:44.565Z,1
2023-11-07T05:12:43.655Z,1
2023-11-07T06:17:30.427Z,0.999543
2023-11-07T07:12:13.467Z,0.999354
2023-11-07T08:17:00.930Z,0.99982
2023-11-07T09:13:16.011Z,0.999856
2023-11-07T10:14:38.196Z,0.997188
2023-11-07T11:11:06.120Z,1.003
2023-11-07T12:25:37.723Z,1.003
2023-11-07T13:16:12.383Z,1
2023-11-07T14:12:48.666Z,0.999762
2023-11-07T15:13:44.595Z,0.999236
2023-11-07T16:17:46.536Z,0.999797
2023-11-07T17:12:03.335Z,0.999736
2023-11-07T18:17:05.495Z,1.002
2023-11-07T19:10:48.369Z,1.001
2023-11-07T20:13:47.866Z,0.997851
2023-11-07T21:11:33.014Z,1
2023-11-07T22:12:30.356Z,1.001
2023-11-07T23:13:15.394Z,0.999937
2023-11-08T01:00:00.481Z,1.001
2023-11-08T01:56:30.292Z,1.001
2023-11-08T02:23:19.868Z,1
2023-11-08T03:13:48.856Z,0.999977
2023-11-08T04:15:53.097Z,1.001
2023-11-08T05:12:32.329Z,1
2023-11-08T06:17:39.704Z,1
2023-11-08T07:12:03.233Z,0.999879
2023-11-08T08:16:45.964Z,1
2023-11-08T09:13:22.716Z,0.999895
2023-11-08T10:14:27.195Z,1
2023-11-08T11:11:14.957Z,1
2023-11-08T12:25:35.943Z,1
2023-11-08T13:16:25.164Z,0.998552
2023-11-08T14:12:40.219Z,1
2023-11-08T15:13:52.577Z,0.997849
2023-11-08T16:17:29.529Z,0.99979
2023-11-08T17:12:14.966Z,0.997256
2023-11-08T18:16:56.090Z,0.999899
2023-11-08T19:10:55.789Z,1.001
2023-11-08T20:13:50.033Z,0.999569
2023-11-08T21:11:51.776Z,1.006
2023-11-08T22:12:32.418Z,1
2023-11-08T23:13:01.285Z,1
2023-11-09T00:59:56.551Z,0.999708
2023-11-09T01:56:43.124Z,0.996058
2023-11-09T02:23:52.452Z,1.001
2023-11-09T03:13:43.026Z,0.999665
2023-11-09T04:16:04.587Z,1
2023-11-09T05:12:47.235Z,0.998185
2023-11-09T06:17:29.269Z,1.003
2023-11-09T07:16:46.970Z,0.997609
2023-11-09T08:16:43.253Z,1.003
2023-11-09T09:13:14.316Z,0.998476
2023-11-09T10:14:09.383Z,0.999255
2023-11-09T11:11:15.284Z,0.998671
2023-11-09T12:25:32.926Z,1.003
2023-11-09T13:15:54.305Z,1
2023-11-09T14:12:23.291Z,1
2023-11-09T15:13:39.527Z,0.999721
2023-11-09T16:17:27.488Z,0.979002
2023-11-09T17:12:02.475Z,0.999763
2023-11-09T18:16:45.667Z,0.999899
2023-11-09T19:10:51.280Z,0.999912
2023-11-09T20:14:19.481Z,1.002
2023-11-09T21:11:41.009Z,1.002
2023-11-09T22:12:35.224Z,1.004
2023-11-09T23:13:19.095Z,1.001
2023-11-10T01:00:03.956Z,1.001
2023-11-10T01:56:18.808Z,0.999662
2023-11-10T02:23:34.909Z,1.001
2023-11-10T03:13:58.864Z,1
2023-11-10T04:15:57.220Z,0.998785
2023-11-10T05:12:45.481Z,0.999659
2023-11-10T06:17:34.456Z,0.99901
2023-11-10T07:12:20.775Z,0.998998
2023-11-10T08:16:47.176Z,0.999861
2023-11-10T09:13:01.348Z,1.001
2023-11-10T10:14:17.004Z,1
2023-11-10T11:11:25.077Z,1.01
2023-11-10T12:25:19.833Z,0.996047
2023-11-10T13:16:17.778Z,1.002
2023-11-10T14:12:23.536Z,0.996905
2023-11-10T15:13:38.064Z,1.001
2023-11-10T16:17:05.913Z,1
2023-11-10T17:12:11.945Z,1.002
2023-11-10T18:16:59.421Z,1.002
2023-11-10T19:10:50.902Z,1.002
2023-11-10T20:13:52.367Z,0.99991
2023-11-10T21:11:41.091Z,1
2023-11-10T22:12:10.057Z,1
2023-11-10T23:12:45.104Z,1
2023-11-11T00:59:14.369Z,0.99894
2023-11-11T02:26:00.012Z,0.999599
2023-11-11T03:16:01.026Z,0.999658
2023-11-11T04:15:45.496Z,1
2023-11-11T05:11:55.681Z,1
2023-11-11T06:16:25.376Z,1
2023-11-11T07:11:24.963Z,0.99991
2023-11-11T08:15:29.865Z,0.999915
2023-11-11T09:11:50.059Z,0.999722
2023-11-11T10:12:58.376Z,0.99916
